event_id	event_date	course_name	PLAYER_ID	PLAYER	finish_position	made_cut	winner
2026_farmers_insurance_open	2026-02-01	Torrey Pines Golf Course (South Course; North Course used in first 3 rounds)	justin_rose	Justin Rose	1	1	1
2026_farmers_insurance_open	2026-02-01	Torrey Pines Golf Course (South Course; North Course used in first 3 rounds)	pierceson_coody	Pierceson Coody	T2	1	0
2026_farmers_insurance_open	2026-02-01	Torrey Pines Golf Course (South Course; North Course used in first 3 rounds)	si_woo_kim	Si Woo Kim	T2	1	0
2026_farmers_insurance_open	2026-02-01	Torrey Pines Golf Course (South Course; North Course used in first 3 rounds)	ryo_hisatsune	Ryo Hisatsune	T2	1	0
2026_farmers_insurance_open	2026-02-01	Torrey Pines Golf Course (South Course; North Course used in first 3 rounds)	jake_knapp	Jake Knapp	T5	1	0
2026_farmers_insurance_open	2026-02-01	Torrey Pines Golf Course (South Course; North Course used in first 3 rounds)	stephan_jaeger	Stephan Jaeger	T5	1	0
2026_farmers_insurance_open	2026-02-01	Torrey Pines Golf Course (South Course; North Course used in first 3 rounds)	sahith_theegala	Sahith Theegala	T7	1	0
2026_farmers_insurance_open	2026-02-01	Torrey Pines Golf Course (South Course; North Course used in first 3 rounds)	andrew_novak	Andrew Novak	T7	1	0
2026_farmers_insurance_open	2026-02-01	Torrey Pines Golf Course (South Course; North Course used in first 3 rounds)	joel_dahmen	Joel Dahmen	T7	1	0
2026_farmers_insurance_open	2026-02-01	Torrey Pines Golf Course (South Course; North Course used in first 3 rounds)	maverick_mcnealy	Maverick McNealy	10	1	0
2026_farmers_insurance_open	2026-02-01	Torrey Pines Golf Course (South Course; North Course used in first 3 rounds)	tony_finau	Tony Finau	T11	1	0
2026_farmers_insurance_open	2026-02-01	Torrey Pines Golf Course (South Course; North Course used in first 3 rounds)	ryan_gerard	Ryan Gerard	T11	1	0
2026_farmers_insurance_open	2026-02-01	Torrey Pines Golf Course (South Course; North Course used in first 3 rounds)	adam_schenk	Adam Schenk	T11	1	0
2026_farmers_insurance_open	2026-02-01	Torrey Pines Golf Course (South Course; North Course used in first 3 rounds)	keith_mitchell	Keith Mitchell	T11	1	0
2026_farmers_insurance_open	2026-02-01	Torrey Pines Golf Course (South Course; North Course used in first 3 rounds)	hideki_matsuyama	Hideki Matsuyama	T11	1	0
2026_farmers_insurance_open	2026-02-01	Torrey Pines Golf Course (South Course; North Course used in first 3 rounds)	seamus_power	Seamus Power	T11	1	0
2026_farmers_insurance_open	2026-02-01	Torrey Pines Golf Course (South Course; North Course used in first 3 rounds)	haotong_li	Haotong Li	T11	1	0
2026_farmers_insurance_open	2026-02-01	Torrey Pines Golf Course (South Course; North Course used in first 3 rounds)	michael_thorbjornsen	Michael Thorbjornsen	T18	1	0
2026_farmers_insurance_open	2026-02-01	Torrey Pines Golf Course (South Course; North Course used in first 3 rounds)	chris_gotterup	Chris Gotterup	T18	1	0
2026_farmers_insurance_open	2026-02-01	Torrey Pines Golf Course (South Course; North Course used in first 3 rounds)	matt_mccarty	Matt McCarty	T18	1	0
2026_farmers_insurance_open	2026-02-01	Torrey Pines Golf Course (South Course; North Course used in first 3 rounds)	david_lipsky	David Lipsky	T18	1	0
2026_farmers_insurance_open	2026-02-01	Torrey Pines Golf Course (South Course; North Course used in first 3 rounds)	chad_ramey	Chad Ramey	T22	1	0
2026_farmers_insurance_open	2026-02-01	Torrey Pines Golf Course (South Course; North Course used in first 3 rounds)	cameron_young	Cameron Young	T22	1	0
2026_farmers_insurance_open	2026-02-01	Torrey Pines Golf Course (South Course; North Course used in first 3 rounds)	nicolai_hjgaard	Nicolai Højgaard	T22	1	0
2026_farmers_insurance_open	2026-02-01	Torrey Pines Golf Course (South Course; North Course used in first 3 rounds)	harris_english	Harris English	T22	1	0
2026_farmers_insurance_open	2026-02-01	Torrey Pines Golf Course (South Course; North Course used in first 3 rounds)	kris_ventura	Kris Ventura	T22	1	0
2026_farmers_insurance_open	2026-02-01	Torrey Pines Golf Course (South Course; North Course used in first 3 rounds)	christiaan_bezuidenhout	Christiaan Bezuidenhout	T27	1	0
2026_farmers_insurance_open	2026-02-01	Torrey Pines Golf Course (South Course; North Course used in first 3 rounds)	patrick_rodgers	Patrick Rodgers	T27	1	0
2026_farmers_insurance_open	2026-02-01	Torrey Pines Golf Course (South Course; North Course used in first 3 rounds)	eric_cole	Eric Cole	T27	1	0
2026_farmers_insurance_open	2026-02-01	Torrey Pines Golf Course (South Course; North Course used in first 3 rounds)	isaiah_salinda	Isaiah Salinda	T30	1	0
2026_farmers_insurance_open	2026-02-01	Torrey Pines Golf Course (South Course; North Course used in first 3 rounds)	sam_stevens	Sam Stevens	T30	1	0
2026_farmers_insurance_open	2026-02-01	Torrey Pines Golf Course (South Course; North Course used in first 3 rounds)	rasmus_hjgaard	Rasmus Højgaard	T30	1	0
2026_farmers_insurance_open	2026-02-01	Torrey Pines Golf Course (South Course; North Course used in first 3 rounds)	adam_scott	Adam Scott	T30	1	0
2026_farmers_insurance_open	2026-02-01	Torrey Pines Golf Course (South Course; North Course used in first 3 rounds)	justin_lower	Justin Lower	T30	1	0
2026_farmers_insurance_open	2026-02-01	Torrey Pines Golf Course (South Course; North Course used in first 3 rounds)	dan_brown	Dan Brown	T30	1	0
2026_farmers_insurance_open	2026-02-01	Torrey Pines Golf Course (South Course; North Course used in first 3 rounds)	kristoffer_reitan	Kristoffer Reitan	T30	1	0
2026_farmers_insurance_open	2026-02-01	Torrey Pines Golf Course (South Course; North Course used in first 3 rounds)	max_mcgreevy	Max McGreevy	T30	1	0
2026_farmers_insurance_open	2026-02-01	Torrey Pines Golf Course (South Course; North Course used in first 3 rounds)	matthieu_pavon	Matthieu Pavon	T38	1	0
2026_farmers_insurance_open	2026-02-01	Torrey Pines Golf Course (South Course; North Course used in first 3 rounds)	karl_vilips	Karl Vilips	T38	1	0
2026_farmers_insurance_open	2026-02-01	Torrey Pines Golf Course (South Course; North Course used in first 3 rounds)	jason_day	Jason Day	T38	1	0
2026_farmers_insurance_open	2026-02-01	Torrey Pines Golf Course (South Course; North Course used in first 3 rounds)	danny_walker	Danny Walker	T38	1	0
2026_farmers_insurance_open	2026-02-01	Torrey Pines Golf Course (South Course; North Course used in first 3 rounds)	emiliano_grillo	Emiliano Grillo	T38	1	0
2026_farmers_insurance_open	2026-02-01	Torrey Pines Golf Course (South Course; North Course used in first 3 rounds)	john_vanderlaan	John VanDerLaan	T43	1	0
2026_farmers_insurance_open	2026-02-01	Torrey Pines Golf Course (South Course; North Course used in first 3 rounds)	johnny_keefer	Johnny Keefer	T43	1	0
2026_farmers_insurance_open	2026-02-01	Torrey Pines Golf Course (South Course; North Course used in first 3 rounds)	keegan_bradley	Keegan Bradley	T43	1	0
2026_farmers_insurance_open	2026-02-01	Torrey Pines Golf Course (South Course; North Course used in first 3 rounds)	davis_thompson	Davis Thompson	T43	1	0
2026_farmers_insurance_open	2026-02-01	Torrey Pines Golf Course (South Course; North Course used in first 3 rounds)	john_parry	John Parry	T43	1	0
2026_farmers_insurance_open	2026-02-01	Torrey Pines Golf Course (South Course; North Course used in first 3 rounds)	ricky_castillo	Ricky Castillo	T43	1	0
2026_farmers_insurance_open	2026-02-01	Torrey Pines Golf Course (South Course; North Course used in first 3 rounds)	mac_meissner	Mac Meissner	T49	1	0
2026_farmers_insurance_open	2026-02-01	Torrey Pines Golf Course (South Course; North Course used in first 3 rounds)	denny_mccarthy	Denny McCarthy	T49	1	0
2026_farmers_insurance_open	2026-02-01	Torrey Pines Golf Course (South Course; North Course used in first 3 rounds)	taylor_moore	Taylor Moore	T49	1	0
2026_farmers_insurance_open	2026-02-01	Torrey Pines Golf Course (South Course; North Course used in first 3 rounds)	austin_eckroat	Austin Eckroat	T49	1	0
2026_farmers_insurance_open	2026-02-01	Torrey Pines Golf Course (South Course; North Course used in first 3 rounds)	zecheng_dou	Zecheng Dou	T49	1	0
2026_farmers_insurance_open	2026-02-01	Torrey Pines Golf Course (South Course; North Course used in first 3 rounds)	rasmus_neergaard_petersen	Rasmus Neergaard-Petersen	T49	1	0
2026_farmers_insurance_open	2026-02-01	Torrey Pines Golf Course (South Course; North Course used in first 3 rounds)	a_j_ewart	A.J. Ewart	T49	1	0
2026_farmers_insurance_open	2026-02-01	Torrey Pines Golf Course (South Course; North Course used in first 3 rounds)	matti_schmid	Matti Schmid	T56	1	0
2026_farmers_insurance_open	2026-02-01	Torrey Pines Golf Course (South Course; North Course used in first 3 rounds)	sudarshan_yellamaraju	Sudarshan Yellamaraju	T56	1	0
2026_farmers_insurance_open	2026-02-01	Torrey Pines Golf Course (South Course; North Course used in first 3 rounds)	brooks_koepka	Brooks Koepka	T56	1	0
2026_farmers_insurance_open	2026-02-01	Torrey Pines Golf Course (South Course; North Course used in first 3 rounds)	mackenzie_hughes	Mackenzie Hughes	T59	1	0
2026_farmers_insurance_open	2026-02-01	Torrey Pines Golf Course (South Course; North Course used in first 3 rounds)	doug_ghim	Doug Ghim	T59	1	0
2026_farmers_insurance_open	2026-02-01	Torrey Pines Golf Course (South Course; North Course used in first 3 rounds)	sam_ryder	Sam Ryder	T59	1	0
2026_farmers_insurance_open	2026-02-01	Torrey Pines Golf Course (South Course; North Course used in first 3 rounds)	zach_bauchou	Zach Bauchou	T59	1	0
2026_farmers_insurance_open	2026-02-01	Torrey Pines Golf Course (South Course; North Course used in first 3 rounds)	s_h_kim	S.H. Kim	63	1	0
2026_farmers_insurance_open	2026-02-01	Torrey Pines Golf Course (South Course; North Course used in first 3 rounds)	keita_nakajima	Keita Nakajima	64	1	0
2026_farmers_insurance_open	2026-02-01	Torrey Pines Golf Course (South Course; North Course used in first 3 rounds)	wyndham_clark	Wyndham Clark	T65	1	0
2026_farmers_insurance_open	2026-02-01	Torrey Pines Golf Course (South Course; North Course used in first 3 rounds)	marcelo_rozo	Marcelo Rozo	T65	1	0
2026_farmers_insurance_open	2026-02-01	Torrey Pines Golf Course (South Course; North Course used in first 3 rounds)	emilio_gonzalez	Emilio Gonzalez	T65	1	0
2026_farmers_insurance_open	2026-02-01	Torrey Pines Golf Course (South Course; North Course used in first 3 rounds)	tom_kim	Tom Kim	T65	1	0
2026_farmers_insurance_open	2026-02-01	Torrey Pines Golf Course (South Course; North Course used in first 3 rounds)	mark_hubbard	Mark Hubbard	69	1	0
2026_farmers_insurance_open	2026-02-01	Torrey Pines Golf Course (South Course; North Course used in first 3 rounds)	cam_davis	Cam Davis	T70	1	0
2026_farmers_insurance_open	2026-02-01	Torrey Pines Golf Course (South Course; North Course used in first 3 rounds)	rico_hoey	Rico Hoey	T70	1	0
2026_farmers_insurance_open	2026-02-01	Torrey Pines Golf Course (South Course; North Course used in first 3 rounds)	tom_hoge	Tom Hoge	T70	1	0
2026_farmers_insurance_open	2026-02-01	Torrey Pines Golf Course (South Course; North Course used in first 3 rounds)	jackson_suber	Jackson Suber	T70	1	0
2026_farmers_insurance_open	2026-02-01	Torrey Pines Golf Course (South Course; North Course used in first 3 rounds)	kensei_hirata	Kensei Hirata	74	1	0
2026_farmers_insurance_open	2026-02-01	Torrey Pines Golf Course (South Course; North Course used in first 3 rounds)	patrick_cantlay	Patrick Cantlay	CUT	0	0
2026_farmers_insurance_open	2026-02-01	Torrey Pines Golf Course (South Course; North Course used in first 3 rounds)	jesper_svensson	Jesper Svensson	CUT	0	0
2026_farmers_insurance_open	2026-02-01	Torrey Pines Golf Course (South Course; North Course used in first 3 rounds)	max_greyserman	Max Greyserman	CUT	0	0
2026_farmers_insurance_open	2026-02-01	Torrey Pines Golf Course (South Course; North Course used in first 3 rounds)	taylor_pendrith	Taylor Pendrith	CUT	0	0
2026_farmers_insurance_open	2026-02-01	Torrey Pines Golf Course (South Course; North Course used in first 3 rounds)	christo_lamprecht	Christo Lamprecht	CUT	0	0
2026_farmers_insurance_open	2026-02-01	Torrey Pines Golf Course (South Course; North Course used in first 3 rounds)	dylan_wu	Dylan Wu	CUT	0	0
2026_farmers_insurance_open	2026-02-01	Torrey Pines Golf Course (South Course; North Course used in first 3 rounds)	thorbjrn_olesen	Thorbjørn Olesen	CUT	0	0
2026_farmers_insurance_open	2026-02-01	Torrey Pines Golf Course (South Course; North Course used in first 3 rounds)	gordon_sargent	Gordon Sargent	CUT	0	0
2026_farmers_insurance_open	2026-02-01	Torrey Pines Golf Course (South Course; North Course used in first 3 rounds)	gary_woodland	Gary Woodland	CUT	0	0
2026_farmers_insurance_open	2026-02-01	Torrey Pines Golf Course (South Course; North Course used in first 3 rounds)	beau_hossler	Beau Hossler	CUT	0	0
2026_farmers_insurance_open	2026-02-01	Torrey Pines Golf Course (South Course; North Course used in first 3 rounds)	will_zalatoris	Will Zalatoris	CUT	0	0
2026_farmers_insurance_open	2026-02-01	Torrey Pines Golf Course (South Course; North Course used in first 3 rounds)	lanto_griffin	Lanto Griffin	CUT	0	0
2026_farmers_insurance_open	2026-02-01	Torrey Pines Golf Course (South Course; North Course used in first 3 rounds)	peter_malnati	Peter Malnati	CUT	0	0
2026_farmers_insurance_open	2026-02-01	Torrey Pines Golf Course (South Course; North Course used in first 3 rounds)	davis_riley	Davis Riley	CUT	0	0
2026_farmers_insurance_open	2026-02-01	Torrey Pines Golf Course (South Course; North Course used in first 3 rounds)	jeremy_paul	Jeremy Paul	CUT	0	0
2026_farmers_insurance_open	2026-02-01	Torrey Pines Golf Course (South Course; North Course used in first 3 rounds)	matt_kuchar	Matt Kuchar	CUT	0	0
2026_farmers_insurance_open	2026-02-01	Torrey Pines Golf Course (South Course; North Course used in first 3 rounds)	kevin_roy	Kevin Roy	CUT	0	0
2026_farmers_insurance_open	2026-02-01	Torrey Pines Golf Course (South Course; North Course used in first 3 rounds)	aaron_wise	Aaron Wise	CUT	0	0
2026_farmers_insurance_open	2026-02-01	Torrey Pines Golf Course (South Course; North Course used in first 3 rounds)	brandt_snedeker	Brandt Snedeker	CUT	0	0
2026_farmers_insurance_open	2026-02-01	Torrey Pines Golf Course (South Course; North Course used in first 3 rounds)	pontus_nyholm	Pontus Nyholm	CUT	0	0
2026_farmers_insurance_open	2026-02-01	Torrey Pines Golf Course (South Course; North Course used in first 3 rounds)	david_ford	David Ford	CUT	0	0
2026_farmers_insurance_open	2026-02-01	Torrey Pines Golf Course (South Course; North Course used in first 3 rounds)	max_homa	Max Homa	CUT	0	0
2026_farmers_insurance_open	2026-02-01	Torrey Pines Golf Course (South Course; North Course used in first 3 rounds)	adam_svensson	Adam Svensson	CUT	0	0
2026_farmers_insurance_open	2026-02-01	Torrey Pines Golf Course (South Course; North Course used in first 3 rounds)	takumi_kanaya	Takumi Kanaya	CUT	0	0
2026_farmers_insurance_open	2026-02-01	Torrey Pines Golf Course (South Course; North Course used in first 3 rounds)	aldrich_potgieter	Aldrich Potgieter	CUT	0	0
2026_farmers_insurance_open	2026-02-01	Torrey Pines Golf Course (South Course; North Course used in first 3 rounds)	adrien_dumont_de_chassart	Adrien Dumont de Chassart	CUT	0	0
2026_farmers_insurance_open	2026-02-01	Torrey Pines Golf Course (South Course; North Course used in first 3 rounds)	garrick_higgo	Garrick Higgo	CUT	0	0
2026_farmers_insurance_open	2026-02-01	Torrey Pines Golf Course (South Course; North Course used in first 3 rounds)	jeffrey_kang	Jeffrey Kang	CUT	0	0
2026_farmers_insurance_open	2026-02-01	Torrey Pines Golf Course (South Course; North Course used in first 3 rounds)	andrew_putnam	Andrew Putnam	CUT	0	0
2026_farmers_insurance_open	2026-02-01	Torrey Pines Golf Course (South Course; North Course used in first 3 rounds)	alejandro_tosti	Alejandro Tosti	CUT	0	0
2026_farmers_insurance_open	2026-02-01	Torrey Pines Golf Course (South Course; North Course used in first 3 rounds)	thomas_rosenmueller	Thomas Rosenmueller	CUT	0	0
2026_farmers_insurance_open	2026-02-01	Torrey Pines Golf Course (South Course; North Course used in first 3 rounds)	neal_shipley	Neal Shipley	CUT	0	0
2026_farmers_insurance_open	2026-02-01	Torrey Pines Golf Course (South Course; North Course used in first 3 rounds)	marco_penge	Marco Penge	CUT	0	0
2026_farmers_insurance_open	2026-02-01	Torrey Pines Golf Course (South Course; North Course used in first 3 rounds)	davis_chatfield	Davis Chatfield	CUT	0	0
2026_farmers_insurance_open	2026-02-01	Torrey Pines Golf Course (South Course; North Course used in first 3 rounds)	matt_wallace	Matt Wallace	CUT	0	0
2026_farmers_insurance_open	2026-02-01	Torrey Pines Golf Course (South Course; North Course used in first 3 rounds)	kevin_streelman	Kevin Streelman	CUT	0	0
2026_farmers_insurance_open	2026-02-01	Torrey Pines Golf Course (South Course; North Course used in first 3 rounds)	billy_horschel	Billy Horschel	CUT	0	0
2026_farmers_insurance_open	2026-02-01	Torrey Pines Golf Course (South Course; North Course used in first 3 rounds)	mark_geddes	Mark Geddes	CUT	0	0
2026_farmers_insurance_open	2026-02-01	Torrey Pines Golf Course (South Course; North Course used in first 3 rounds)	ludvig_aberg	Ludvig Åberg	CUT	0	0
2026_farmers_insurance_open	2026-02-01	Torrey Pines Golf Course (South Course; North Course used in first 3 rounds)	frankie_capan_iii	Frankie Capan III	CUT	0	0
2026_farmers_insurance_open	2026-02-01	Torrey Pines Golf Course (South Course; North Course used in first 3 rounds)	jhonattan_vegas	Jhonattan Vegas	CUT	0	0
2026_farmers_insurance_open	2026-02-01	Torrey Pines Golf Course (South Course; North Course used in first 3 rounds)	s_t_lee	S.T. Lee	CUT	0	0
2026_farmers_insurance_open	2026-02-01	Torrey Pines Golf Course (South Course; North Course used in first 3 rounds)	michael_brennan	Michael Brennan	DQ	0	0
2026_wm_phoenix_open	2026-02-08	TPC Scottsdale (Stadium Course)	chris_gotterup	Chris Gotterup	1	1	1
2026_wm_phoenix_open	2026-02-08	TPC Scottsdale (Stadium Course)	hideki_matsuyama	Hideki Matsuyama	2	1	0
2026_wm_phoenix_open	2026-02-08	TPC Scottsdale (Stadium Course)	scottie_scheffler	Scottie Scheffler	T3	1	0
2026_wm_phoenix_open	2026-02-08	TPC Scottsdale (Stadium Course)	akshay_bhatia	Akshay Bhatia	T3	1	0
2026_wm_phoenix_open	2026-02-08	TPC Scottsdale (Stadium Course)	si_woo_kim	Si Woo Kim	T3	1	0
2026_wm_phoenix_open	2026-02-08	TPC Scottsdale (Stadium Course)	michael_thorbjornsen	Michael Thorbjornsen	T3	1	0
2026_wm_phoenix_open	2026-02-08	TPC Scottsdale (Stadium Course)	nicolai_hjgaard	Nicolai Højgaard	T3	1	0
2026_wm_phoenix_open	2026-02-08	TPC Scottsdale (Stadium Course)	jake_knapp	Jake Knapp	8	1	0
2026_wm_phoenix_open	2026-02-08	TPC Scottsdale (Stadium Course)	matt_fitzpatrick	Matt Fitzpatrick	9	1	0
2026_wm_phoenix_open	2026-02-08	TPC Scottsdale (Stadium Course)	pierceson_coody	Pierceson Coody	T10	1	0
2026_wm_phoenix_open	2026-02-08	TPC Scottsdale (Stadium Course)	viktor_hovland	Viktor Hovland	T10	1	0
2026_wm_phoenix_open	2026-02-08	TPC Scottsdale (Stadium Course)	ryo_hisatsune	Ryo Hisatsune	T10	1	0
2026_wm_phoenix_open	2026-02-08	TPC Scottsdale (Stadium Course)	zecheng_dou	Zecheng Dou	T13	1	0
2026_wm_phoenix_open	2026-02-08	TPC Scottsdale (Stadium Course)	kevin_roy	Kevin Roy	T13	1	0
2026_wm_phoenix_open	2026-02-08	TPC Scottsdale (Stadium Course)	maverick_mcnealy	Maverick McNealy	T13	1	0
2026_wm_phoenix_open	2026-02-08	TPC Scottsdale (Stadium Course)	daniel_berger	Daniel Berger	T16	1	0
2026_wm_phoenix_open	2026-02-08	TPC Scottsdale (Stadium Course)	jordan_smith	Jordan Smith	T16	1	0
2026_wm_phoenix_open	2026-02-08	TPC Scottsdale (Stadium Course)	michael_kim	Michael Kim	T18	1	0
2026_wm_phoenix_open	2026-02-08	TPC Scottsdale (Stadium Course)	jacob_bridgeman	Jacob Bridgeman	T18	1	0
2026_wm_phoenix_open	2026-02-08	TPC Scottsdale (Stadium Course)	rickie_fowler	Rickie Fowler	T18	1	0
2026_wm_phoenix_open	2026-02-08	TPC Scottsdale (Stadium Course)	mac_meissner	Mac Meissner	T18	1	0
2026_wm_phoenix_open	2026-02-08	TPC Scottsdale (Stadium Course)	sepp_straka	Sepp Straka	T18	1	0
2026_wm_phoenix_open	2026-02-08	TPC Scottsdale (Stadium Course)	sahith_theegala	Sahith Theegala	T18	1	0
2026_wm_phoenix_open	2026-02-08	TPC Scottsdale (Stadium Course)	ryan_fox	Ryan Fox	T24	1	0
2026_wm_phoenix_open	2026-02-08	TPC Scottsdale (Stadium Course)	rico_hoey	Rico Hoey	T24	1	0
2026_wm_phoenix_open	2026-02-08	TPC Scottsdale (Stadium Course)	kurt_kitayama	Kurt Kitayama	T24	1	0
2026_wm_phoenix_open	2026-02-08	TPC Scottsdale (Stadium Course)	rasmus_hjgaard	Rasmus Højgaard	T24	1	0
2026_wm_phoenix_open	2026-02-08	TPC Scottsdale (Stadium Course)	harris_english	Harris English	T28	1	0
2026_wm_phoenix_open	2026-02-08	TPC Scottsdale (Stadium Course)	a_j_ewart	A.J. Ewart	T28	1	0
2026_wm_phoenix_open	2026-02-08	TPC Scottsdale (Stadium Course)	nick_taylor	Nick Taylor	T28	1	0
2026_wm_phoenix_open	2026-02-08	TPC Scottsdale (Stadium Course)	ben_griffin	Ben Griffin	T28	1	0
2026_wm_phoenix_open	2026-02-08	TPC Scottsdale (Stadium Course)	mackenzie_hughes	Mackenzie Hughes	T28	1	0
2026_wm_phoenix_open	2026-02-08	TPC Scottsdale (Stadium Course)	stephan_jaeger	Stephan Jaeger	T28	1	0
2026_wm_phoenix_open	2026-02-08	TPC Scottsdale (Stadium Course)	min_woo_lee	Min Woo Lee	T28	1	0
2026_wm_phoenix_open	2026-02-08	TPC Scottsdale (Stadium Course)	sam_stevens	Sam Stevens	T35	1	0
2026_wm_phoenix_open	2026-02-08	TPC Scottsdale (Stadium Course)	wyndham_clark	Wyndham Clark	T35	1	0
2026_wm_phoenix_open	2026-02-08	TPC Scottsdale (Stadium Course)	alex_smalley	Alex Smalley	T35	1	0
2026_wm_phoenix_open	2026-02-08	TPC Scottsdale (Stadium Course)	tom_kim	Tom Kim	T35	1	0
2026_wm_phoenix_open	2026-02-08	TPC Scottsdale (Stadium Course)	j_t_poston	J.T. Poston	T35	1	0
2026_wm_phoenix_open	2026-02-08	TPC Scottsdale (Stadium Course)	john_parry	John Parry	T35	1	0
2026_wm_phoenix_open	2026-02-08	TPC Scottsdale (Stadium Course)	rasmus_neergaard_petersen	Rasmus Neergaard-Petersen	T41	1	0
2026_wm_phoenix_open	2026-02-08	TPC Scottsdale (Stadium Course)	keith_mitchell	Keith Mitchell	T41	1	0
2026_wm_phoenix_open	2026-02-08	TPC Scottsdale (Stadium Course)	cameron_young	Cameron Young	T41	1	0
2026_wm_phoenix_open	2026-02-08	TPC Scottsdale (Stadium Course)	johnny_keefer	Johnny Keefer	T41	1	0
2026_wm_phoenix_open	2026-02-08	TPC Scottsdale (Stadium Course)	sami_valimaki	Sami Valimaki	T41	1	0
2026_wm_phoenix_open	2026-02-08	TPC Scottsdale (Stadium Course)	kristoffer_reitan	Kristoffer Reitan	T41	1	0
2026_wm_phoenix_open	2026-02-08	TPC Scottsdale (Stadium Course)	xander_schauffele	Xander Schauffele	T41	1	0
2026_wm_phoenix_open	2026-02-08	TPC Scottsdale (Stadium Course)	christo_lamprecht	Christo Lamprecht	T48	1	0
2026_wm_phoenix_open	2026-02-08	TPC Scottsdale (Stadium Course)	zach_bauchou	Zach Bauchou	T48	1	0
2026_wm_phoenix_open	2026-02-08	TPC Scottsdale (Stadium Course)	max_mcgreevy	Max McGreevy	T48	1	0
2026_wm_phoenix_open	2026-02-08	TPC Scottsdale (Stadium Course)	chad_ramey	Chad Ramey	T48	1	0
2026_wm_phoenix_open	2026-02-08	TPC Scottsdale (Stadium Course)	michael_brennan	Michael Brennan	T48	1	0
2026_wm_phoenix_open	2026-02-08	TPC Scottsdale (Stadium Course)	s_t_lee	S.T. Lee	T48	1	0
2026_wm_phoenix_open	2026-02-08	TPC Scottsdale (Stadium Course)	s_h_kim	S.H. Kim	T54	1	0
2026_wm_phoenix_open	2026-02-08	TPC Scottsdale (Stadium Course)	sudarshan_yellamaraju	Sudarshan Yellamaraju	T54	1	0
2026_wm_phoenix_open	2026-02-08	TPC Scottsdale (Stadium Course)	joe_highsmith	Joe Highsmith	T54	1	0
2026_wm_phoenix_open	2026-02-08	TPC Scottsdale (Stadium Course)	brian_campbell	Brian Campbell	T54	1	0
2026_wm_phoenix_open	2026-02-08	TPC Scottsdale (Stadium Course)	kensei_hirata	Kensei Hirata	T54	1	0
2026_wm_phoenix_open	2026-02-08	TPC Scottsdale (Stadium Course)	collin_morikawa	Collin Morikawa	T54	1	0
2026_wm_phoenix_open	2026-02-08	TPC Scottsdale (Stadium Course)	patrick_rodgers	Patrick Rodgers	T60	1	0
2026_wm_phoenix_open	2026-02-08	TPC Scottsdale (Stadium Course)	john_vanderlaan	John VanDerLaan	T60	1	0
2026_wm_phoenix_open	2026-02-08	TPC Scottsdale (Stadium Course)	takumi_kanaya	Takumi Kanaya	T60	1	0
2026_wm_phoenix_open	2026-02-08	TPC Scottsdale (Stadium Course)	adrien_saddier	Adrien Saddier	T60	1	0
2026_wm_phoenix_open	2026-02-08	TPC Scottsdale (Stadium Course)	davis_thompson	Davis Thompson	T64	1	0
2026_wm_phoenix_open	2026-02-08	TPC Scottsdale (Stadium Course)	gary_woodland	Gary Woodland	T64	1	0
2026_wm_phoenix_open	2026-02-08	TPC Scottsdale (Stadium Course)	chandler_phillips	Chandler Phillips	T66	1	0
2026_wm_phoenix_open	2026-02-08	TPC Scottsdale (Stadium Course)	max_homa	Max Homa	T66	1	0
2026_wm_phoenix_open	2026-02-08	TPC Scottsdale (Stadium Course)	bud_cauley	Bud Cauley	T68	1	0
2026_wm_phoenix_open	2026-02-08	TPC Scottsdale (Stadium Course)	hank_lebioda	Hank Lebioda	T68	1	0
2026_wm_phoenix_open	2026-02-08	TPC Scottsdale (Stadium Course)	neal_shipley	Neal Shipley	T68	1	0
2026_wm_phoenix_open	2026-02-08	TPC Scottsdale (Stadium Course)	keita_nakajima	Keita Nakajima	71	1	0
2026_wm_phoenix_open	2026-02-08	TPC Scottsdale (Stadium Course)	patton_kizzire	Patton Kizzire	72	1	0
2026_wm_phoenix_open	2026-02-08	TPC Scottsdale (Stadium Course)	cam_davis	Cam Davis	73	1	0
2026_wm_phoenix_open	2026-02-08	TPC Scottsdale (Stadium Course)	joel_dahmen	Joel Dahmen	CUT	0	0
2026_wm_phoenix_open	2026-02-08	TPC Scottsdale (Stadium Course)	karl_vilips	Karl Vilips	CUT	0	0
2026_wm_phoenix_open	2026-02-08	TPC Scottsdale (Stadium Course)	corey_conners	Corey Conners	CUT	0	0
2026_wm_phoenix_open	2026-02-08	TPC Scottsdale (Stadium Course)	matt_mccarty	Matt McCarty	CUT	0	0
2026_wm_phoenix_open	2026-02-08	TPC Scottsdale (Stadium Course)	austin_eckroat	Austin Eckroat	CUT	0	0
2026_wm_phoenix_open	2026-02-08	TPC Scottsdale (Stadium Course)	tom_hoge	Tom Hoge	CUT	0	0
2026_wm_phoenix_open	2026-02-08	TPC Scottsdale (Stadium Course)	chandler_blanchet	Chandler Blanchet	CUT	0	0
2026_wm_phoenix_open	2026-02-08	TPC Scottsdale (Stadium Course)	haotong_li	Haotong Li	CUT	0	0
2026_wm_phoenix_open	2026-02-08	TPC Scottsdale (Stadium Course)	matti_schmid	Matti Schmid	CUT	0	0
2026_wm_phoenix_open	2026-02-08	TPC Scottsdale (Stadium Course)	austin_smotherman	Austin Smotherman	CUT	0	0
2026_wm_phoenix_open	2026-02-08	TPC Scottsdale (Stadium Course)	davis_chatfield	Davis Chatfield	CUT	0	0
2026_wm_phoenix_open	2026-02-08	TPC Scottsdale (Stadium Course)	sam_burns	Sam Burns	CUT	0	0
2026_wm_phoenix_open	2026-02-08	TPC Scottsdale (Stadium Course)	danny_walker	Danny Walker	CUT	0	0
2026_wm_phoenix_open	2026-02-08	TPC Scottsdale (Stadium Course)	emilio_gonzalez	Emilio Gonzalez	WD	0	0
2026_att_pebble_beach_pro_am	2026-02-15	Pebble Beach Golf Links; Spyglass Hill Golf Course	collin_morikawa	Collin Morikawa	1	1	1
2026_att_pebble_beach_pro_am	2026-02-15	Pebble Beach Golf Links; Spyglass Hill Golf Course	min_woo_lee	Min Woo Lee	T2	1	0
2026_att_pebble_beach_pro_am	2026-02-15	Pebble Beach Golf Links; Spyglass Hill Golf Course	sepp_straka	Sepp Straka	T2	1	0
2026_att_pebble_beach_pro_am	2026-02-15	Pebble Beach Golf Links; Spyglass Hill Golf Course	scottie_scheffler	Scottie Scheffler	T4	1	0
2026_att_pebble_beach_pro_am	2026-02-15	Pebble Beach Golf Links; Spyglass Hill Golf Course	tommy_fleetwood	Tommy Fleetwood	T4	1	0
2026_att_pebble_beach_pro_am	2026-02-15	Pebble Beach Golf Links; Spyglass Hill Golf Course	sam_burns	Sam Burns	T6	1	0
2026_att_pebble_beach_pro_am	2026-02-15	Pebble Beach Golf Links; Spyglass Hill Golf Course	akshay_bhatia	Akshay Bhatia	T6	1	0
2026_att_pebble_beach_pro_am	2026-02-15	Pebble Beach Golf Links; Spyglass Hill Golf Course	ryo_hisatsune	Ryo Hisatsune	T8	1	0
2026_att_pebble_beach_pro_am	2026-02-15	Pebble Beach Golf Links; Spyglass Hill Golf Course	shane_lowry	Shane Lowry	T8	1	0
2026_att_pebble_beach_pro_am	2026-02-15	Pebble Beach Golf Links; Spyglass Hill Golf Course	nico_echavarria	Nico Echavarria	T8	1	0
2026_att_pebble_beach_pro_am	2026-02-15	Pebble Beach Golf Links; Spyglass Hill Golf Course	jake_knapp	Jake Knapp	T8	1	0
2026_att_pebble_beach_pro_am	2026-02-15	Pebble Beach Golf Links; Spyglass Hill Golf Course	jacob_bridgeman	Jacob Bridgeman	T8	1	0
2026_att_pebble_beach_pro_am	2026-02-15	Pebble Beach Golf Links; Spyglass Hill Golf Course	hideki_matsuyama	Hideki Matsuyama	T8	1	0
2026_att_pebble_beach_pro_am	2026-02-15	Pebble Beach Golf Links; Spyglass Hill Golf Course	rory_mcilroy	Rory McIlroy	T14	1	0
2026_att_pebble_beach_pro_am	2026-02-15	Pebble Beach Golf Links; Spyglass Hill Golf Course	patrick_cantlay	Patrick Cantlay	T14	1	0
2026_att_pebble_beach_pro_am	2026-02-15	Pebble Beach Golf Links; Spyglass Hill Golf Course	matt_fitzpatrick	Matt Fitzpatrick	T14	1	0
2026_att_pebble_beach_pro_am	2026-02-15	Pebble Beach Golf Links; Spyglass Hill Golf Course	tom_hoge	Tom Hoge	T14	1	0
2026_att_pebble_beach_pro_am	2026-02-15	Pebble Beach Golf Links; Spyglass Hill Golf Course	tony_finau	Tony Finau	18	1	0
2026_att_pebble_beach_pro_am	2026-02-15	Pebble Beach Golf Links; Spyglass Hill Golf Course	russell_henley	Russell Henley	T19	1	0
2026_att_pebble_beach_pro_am	2026-02-15	Pebble Beach Golf Links; Spyglass Hill Golf Course	alex_smalley	Alex Smalley	T19	1	0
2026_att_pebble_beach_pro_am	2026-02-15	Pebble Beach Golf Links; Spyglass Hill Golf Course	brian_harman	Brian Harman	T19	1	0
2026_att_pebble_beach_pro_am	2026-02-15	Pebble Beach Golf Links; Spyglass Hill Golf Course	rickie_fowler	Rickie Fowler	T19	1	0
2026_att_pebble_beach_pro_am	2026-02-15	Pebble Beach Golf Links; Spyglass Hill Golf Course	xander_schauffele	Xander Schauffele	T19	1	0
2026_att_pebble_beach_pro_am	2026-02-15	Pebble Beach Golf Links; Spyglass Hill Golf Course	harry_hall	Harry Hall	T24	1	0
2026_att_pebble_beach_pro_am	2026-02-15	Pebble Beach Golf Links; Spyglass Hill Golf Course	jason_day	Jason Day	T24	1	0
2026_att_pebble_beach_pro_am	2026-02-15	Pebble Beach Golf Links; Spyglass Hill Golf Course	nick_taylor	Nick Taylor	T24	1	0
2026_att_pebble_beach_pro_am	2026-02-15	Pebble Beach Golf Links; Spyglass Hill Golf Course	ryan_fox	Ryan Fox	T24	1	0
2026_att_pebble_beach_pro_am	2026-02-15	Pebble Beach Golf Links; Spyglass Hill Golf Course	harris_english	Harris English	T24	1	0
2026_att_pebble_beach_pro_am	2026-02-15	Pebble Beach Golf Links; Spyglass Hill Golf Course	keegan_bradley	Keegan Bradley	T29	1	0
2026_att_pebble_beach_pro_am	2026-02-15	Pebble Beach Golf Links; Spyglass Hill Golf Course	max_mcgreevy	Max McGreevy	T29	1	0
2026_att_pebble_beach_pro_am	2026-02-15	Pebble Beach Golf Links; Spyglass Hill Golf Course	alex_noren	Alex Noren	T29	1	0
2026_att_pebble_beach_pro_am	2026-02-15	Pebble Beach Golf Links; Spyglass Hill Golf Course	jordan_spieth	Jordan Spieth	T29	1	0
2026_att_pebble_beach_pro_am	2026-02-15	Pebble Beach Golf Links; Spyglass Hill Golf Course	maverick_mcnealy	Maverick McNealy	T29	1	0
2026_att_pebble_beach_pro_am	2026-02-15	Pebble Beach Golf Links; Spyglass Hill Golf Course	sami_valimaki	Sami Valimaki	T34	1	0
2026_att_pebble_beach_pro_am	2026-02-15	Pebble Beach Golf Links; Spyglass Hill Golf Course	mackenzie_hughes	Mackenzie Hughes	T34	1	0
2026_att_pebble_beach_pro_am	2026-02-15	Pebble Beach Golf Links; Spyglass Hill Golf Course	taylor_pendrith	Taylor Pendrith	T34	1	0
2026_att_pebble_beach_pro_am	2026-02-15	Pebble Beach Golf Links; Spyglass Hill Golf Course	justin_rose	Justin Rose	T37	1	0
2026_att_pebble_beach_pro_am	2026-02-15	Pebble Beach Golf Links; Spyglass Hill Golf Course	bud_cauley	Bud Cauley	T37	1	0
2026_att_pebble_beach_pro_am	2026-02-15	Pebble Beach Golf Links; Spyglass Hill Golf Course	j_t_poston	J.T. Poston	T37	1	0
2026_att_pebble_beach_pro_am	2026-02-15	Pebble Beach Golf Links; Spyglass Hill Golf Course	chris_gotterup	Chris Gotterup	T37	1	0
2026_att_pebble_beach_pro_am	2026-02-15	Pebble Beach Golf Links; Spyglass Hill Golf Course	ludvig_aberg	Ludvig Åberg	T37	1	0
2026_att_pebble_beach_pro_am	2026-02-15	Pebble Beach Golf Links; Spyglass Hill Golf Course	max_greyserman	Max Greyserman	T37	1	0
2026_att_pebble_beach_pro_am	2026-02-15	Pebble Beach Golf Links; Spyglass Hill Golf Course	robert_macintyre	Robert MacIntyre	T37	1	0
2026_att_pebble_beach_pro_am	2026-02-15	Pebble Beach Golf Links; Spyglass Hill Golf Course	ben_griffin	Ben Griffin	T37	1	0
2026_att_pebble_beach_pro_am	2026-02-15	Pebble Beach Golf Links; Spyglass Hill Golf Course	ryan_gerard	Ryan Gerard	T45	1	0
2026_att_pebble_beach_pro_am	2026-02-15	Pebble Beach Golf Links; Spyglass Hill Golf Course	j_j_spaun	J.J. Spaun	T45	1	0
2026_att_pebble_beach_pro_am	2026-02-15	Pebble Beach Golf Links; Spyglass Hill Golf Course	si_woo_kim	Si Woo Kim	T45	1	0
2026_att_pebble_beach_pro_am	2026-02-15	Pebble Beach Golf Links; Spyglass Hill Golf Course	pierceson_coody	Pierceson Coody	T48	1	0
2026_att_pebble_beach_pro_am	2026-02-15	Pebble Beach Golf Links; Spyglass Hill Golf Course	kurt_kitayama	Kurt Kitayama	T48	1	0
2026_att_pebble_beach_pro_am	2026-02-15	Pebble Beach Golf Links; Spyglass Hill Golf Course	billy_horschel	Billy Horschel	T48	1	0
2026_att_pebble_beach_pro_am	2026-02-15	Pebble Beach Golf Links; Spyglass Hill Golf Course	andrew_novak	Andrew Novak	T48	1	0
2026_att_pebble_beach_pro_am	2026-02-15	Pebble Beach Golf Links; Spyglass Hill Golf Course	patrick_rodgers	Patrick Rodgers	T52	1	0
2026_att_pebble_beach_pro_am	2026-02-15	Pebble Beach Golf Links; Spyglass Hill Golf Course	chris_kirk	Chris Kirk	T52	1	0
2026_att_pebble_beach_pro_am	2026-02-15	Pebble Beach Golf Links; Spyglass Hill Golf Course	keith_mitchell	Keith Mitchell	T52	1	0
2026_att_pebble_beach_pro_am	2026-02-15	Pebble Beach Golf Links; Spyglass Hill Golf Course	cameron_young	Cameron Young	T55	1	0
2026_att_pebble_beach_pro_am	2026-02-15	Pebble Beach Golf Links; Spyglass Hill Golf Course	sam_stevens	Sam Stevens	T55	1	0
2026_att_pebble_beach_pro_am	2026-02-15	Pebble Beach Golf Links; Spyglass Hill Golf Course	denny_mccarthy	Denny McCarthy	T55	1	0
2026_att_pebble_beach_pro_am	2026-02-15	Pebble Beach Golf Links; Spyglass Hill Golf Course	viktor_hovland	Viktor Hovland	T58	1	0
2026_att_pebble_beach_pro_am	2026-02-15	Pebble Beach Golf Links; Spyglass Hill Golf Course	wyndham_clark	Wyndham Clark	T58	1	0
2026_att_pebble_beach_pro_am	2026-02-15	Pebble Beach Golf Links; Spyglass Hill Golf Course	sahith_theegala	Sahith Theegala	T60	1	0
2026_att_pebble_beach_pro_am	2026-02-15	Pebble Beach Golf Links; Spyglass Hill Golf Course	aldrich_potgieter	Aldrich Potgieter	T60	1	0
2026_att_pebble_beach_pro_am	2026-02-15	Pebble Beach Golf Links; Spyglass Hill Golf Course	garrick_higgo	Garrick Higgo	T60	1	0
2026_att_pebble_beach_pro_am	2026-02-15	Pebble Beach Golf Links; Spyglass Hill Golf Course	steven_fisk	Steven Fisk	T60	1	0
2026_att_pebble_beach_pro_am	2026-02-15	Pebble Beach Golf Links; Spyglass Hill Golf Course	emiliano_grillo	Emiliano Grillo	T64	1	0
2026_att_pebble_beach_pro_am	2026-02-15	Pebble Beach Golf Links; Spyglass Hill Golf Course	marco_penge	Marco Penge	T64	1	0
2026_att_pebble_beach_pro_am	2026-02-15	Pebble Beach Golf Links; Spyglass Hill Golf Course	lucas_glover	Lucas Glover	T64	1	0
2026_att_pebble_beach_pro_am	2026-02-15	Pebble Beach Golf Links; Spyglass Hill Golf Course	rico_hoey	Rico Hoey	T67	1	0
2026_att_pebble_beach_pro_am	2026-02-15	Pebble Beach Golf Links; Spyglass Hill Golf Course	stephan_jaeger	Stephan Jaeger	T67	1	0
2026_att_pebble_beach_pro_am	2026-02-15	Pebble Beach Golf Links; Spyglass Hill Golf Course	matt_mccarty	Matt McCarty	T67	1	0
2026_att_pebble_beach_pro_am	2026-02-15	Pebble Beach Golf Links; Spyglass Hill Golf Course	kevin_yu	Kevin Yu	T70	1	0
2026_att_pebble_beach_pro_am	2026-02-15	Pebble Beach Golf Links; Spyglass Hill Golf Course	corey_conners	Corey Conners	T70	1	0
2026_att_pebble_beach_pro_am	2026-02-15	Pebble Beach Golf Links; Spyglass Hill Golf Course	michael_kim	Michael Kim	72	1	0
2026_att_pebble_beach_pro_am	2026-02-15	Pebble Beach Golf Links; Spyglass Hill Golf Course	aaron_rai	Aaron Rai	T73	1	0
2026_att_pebble_beach_pro_am	2026-02-15	Pebble Beach Golf Links; Spyglass Hill Golf Course	matti_schmid	Matti Schmid	T73	1	0
2026_att_pebble_beach_pro_am	2026-02-15	Pebble Beach Golf Links; Spyglass Hill Golf Course	joe_highsmith	Joe Highsmith	T75	1	0
2026_att_pebble_beach_pro_am	2026-02-15	Pebble Beach Golf Links; Spyglass Hill Golf Course	daniel_berger	Daniel Berger	T75	1	0
2026_att_pebble_beach_pro_am	2026-02-15	Pebble Beach Golf Links; Spyglass Hill Golf Course	adam_schenk	Adam Schenk	77	1	0
2026_att_pebble_beach_pro_am	2026-02-15	Pebble Beach Golf Links; Spyglass Hill Golf Course	brian_campbell	Brian Campbell	T78	1	0
2026_att_pebble_beach_pro_am	2026-02-15	Pebble Beach Golf Links; Spyglass Hill Golf Course	michael_thorbjornsen	Michael Thorbjornsen	T78	1	0
2026_att_pebble_beach_pro_am	2026-02-15	Pebble Beach Golf Links; Spyglass Hill Golf Course	jhonattan_vegas	Jhonattan Vegas	T78	1	0
2026_genesis_invitational	2026-02-22	The Riviera Country Club	jacob_bridgeman	Jacob Bridgeman	1	1	1
2026_genesis_invitational	2026-02-22	The Riviera Country Club	kurt_kitayama	Kurt Kitayama	T2	1	0
2026_genesis_invitational	2026-02-22	The Riviera Country Club	rory_mcilroy	Rory McIlroy	T2	1	0
2026_genesis_invitational	2026-02-22	The Riviera Country Club	adam_scott	Adam Scott	4	1	0
2026_genesis_invitational	2026-02-22	The Riviera Country Club	aldrich_potgieter	Aldrich Potgieter	5	1	0
2026_genesis_invitational	2026-02-22	The Riviera Country Club	jake_knapp	Jake Knapp	6	1	0
2026_genesis_invitational	2026-02-22	The Riviera Country Club	collin_morikawa	Collin Morikawa	T7	1	0
2026_genesis_invitational	2026-02-22	The Riviera Country Club	cameron_young	Cameron Young	T7	1	0
2026_genesis_invitational	2026-02-22	The Riviera Country Club	tommy_fleetwood	Tommy Fleetwood	T7	1	0
2026_genesis_invitational	2026-02-22	The Riviera Country Club	ryan_fox	Ryan Fox	T7	1	0
2026_genesis_invitational	2026-02-22	The Riviera Country Club	xander_schauffele	Xander Schauffele	T7	1	0
2026_genesis_invitational	2026-02-22	The Riviera Country Club	min_woo_lee	Min Woo Lee	T12	1	0
2026_genesis_invitational	2026-02-22	The Riviera Country Club	scottie_scheffler	Scottie Scheffler	T12	1	0
2026_genesis_invitational	2026-02-22	The Riviera Country Club	jordan_spieth	Jordan Spieth	T12	1	0
2026_genesis_invitational	2026-02-22	The Riviera Country Club	alex_noren	Alex Noren	T12	1	0
2026_genesis_invitational	2026-02-22	The Riviera Country Club	sam_stevens	Sam Stevens	T16	1	0
2026_genesis_invitational	2026-02-22	The Riviera Country Club	pierceson_coody	Pierceson Coody	T16	1	0
2026_genesis_invitational	2026-02-22	The Riviera Country Club	akshay_bhatia	Akshay Bhatia	T16	1	0
2026_genesis_invitational	2026-02-22	The Riviera Country Club	marco_penge	Marco Penge	T16	1	0
2026_genesis_invitational	2026-02-22	The Riviera Country Club	ludvig_aberg	Ludvig Åberg	T20	1	0
2026_genesis_invitational	2026-02-22	The Riviera Country Club	robert_macintyre	Robert MacIntyre	T20	1	0
2026_genesis_invitational	2026-02-22	The Riviera Country Club	harris_english	Harris English	T22	1	0
2026_genesis_invitational	2026-02-22	The Riviera Country Club	sahith_theegala	Sahith Theegala	T22	1	0
2026_genesis_invitational	2026-02-22	The Riviera Country Club	shane_lowry	Shane Lowry	T24	1	0
2026_genesis_invitational	2026-02-22	The Riviera Country Club	matt_mccarty	Matt McCarty	T24	1	0
2026_genesis_invitational	2026-02-22	The Riviera Country Club	matt_fitzpatrick	Matt Fitzpatrick	T24	1	0
2026_genesis_invitational	2026-02-22	The Riviera Country Club	max_greyserman	Max Greyserman	T24	1	0
2026_genesis_invitational	2026-02-22	The Riviera Country Club	rickie_fowler	Rickie Fowler	T28	1	0
2026_genesis_invitational	2026-02-22	The Riviera Country Club	ryan_gerard	Ryan Gerard	T28	1	0
2026_genesis_invitational	2026-02-22	The Riviera Country Club	nick_taylor	Nick Taylor	T28	1	0
2026_genesis_invitational	2026-02-22	The Riviera Country Club	hideki_matsuyama	Hideki Matsuyama	T28	1	0
2026_genesis_invitational	2026-02-22	The Riviera Country Club	tony_finau	Tony Finau	T28	1	0
2026_genesis_invitational	2026-02-22	The Riviera Country Club	aaron_rai	Aaron Rai	T28	1	0
2026_genesis_invitational	2026-02-22	The Riviera Country Club	si_woo_kim	Si Woo Kim	T34	1	0
2026_genesis_invitational	2026-02-22	The Riviera Country Club	patrick_rodgers	Patrick Rodgers	T34	1	0
2026_genesis_invitational	2026-02-22	The Riviera Country Club	tom_kim	Tom Kim	T34	1	0
2026_genesis_invitational	2026-02-22	The Riviera Country Club	sami_valimaki	Sami Valimaki	T37	1	0
2026_genesis_invitational	2026-02-22	The Riviera Country Club	corey_conners	Corey Conners	T37	1	0
2026_genesis_invitational	2026-02-22	The Riviera Country Club	max_homa	Max Homa	T37	1	0
2026_genesis_invitational	2026-02-22	The Riviera Country Club	patrick_cantlay	Patrick Cantlay	T37	1	0
2026_genesis_invitational	2026-02-22	The Riviera Country Club	viktor_hovland	Viktor Hovland	T41	1	0
2026_genesis_invitational	2026-02-22	The Riviera Country Club	ben_griffin	Ben Griffin	T41	1	0
2026_genesis_invitational	2026-02-22	The Riviera Country Club	wyndham_clark	Wyndham Clark	T41	1	0
2026_genesis_invitational	2026-02-22	The Riviera Country Club	jhonattan_vegas	Jhonattan Vegas	44	1	0
2026_genesis_invitational	2026-02-22	The Riviera Country Club	ryo_hisatsune	Ryo Hisatsune	T45	1	0
2026_genesis_invitational	2026-02-22	The Riviera Country Club	taylor_pendrith	Taylor Pendrith	T45	1	0
2026_genesis_invitational	2026-02-22	The Riviera Country Club	andrew_novak	Andrew Novak	T47	1	0
2026_genesis_invitational	2026-02-22	The Riviera Country Club	denny_mccarthy	Denny McCarthy	T47	1	0
2026_genesis_invitational	2026-02-22	The Riviera Country Club	matti_schmid	Matti Schmid	49	1	0
2026_genesis_invitational	2026-02-22	The Riviera Country Club	sepp_straka	Sepp Straka	T50	1	0
2026_genesis_invitational	2026-02-22	The Riviera Country Club	brian_harman	Brian Harman	T50	1	0
2026_cognizant_classic_in_the_palm_beaches	2026-03-01	PGA National - Champion Course	nico_echavarria	Nico Echavarria	1	1	1
2026_cognizant_classic_in_the_palm_beaches	2026-03-01	PGA National - Champion Course	taylor_moore	Taylor Moore	T2	1	0
2026_cognizant_classic_in_the_palm_beaches	2026-03-01	PGA National - Champion Course	shane_lowry	Shane Lowry	T2	1	0
2026_cognizant_classic_in_the_palm_beaches	2026-03-01	PGA National - Champion Course	austin_smotherman	Austin Smotherman	T2	1	0
2026_cognizant_classic_in_the_palm_beaches	2026-03-01	PGA National - Champion Course	ricky_castillo	Ricky Castillo	5	1	0
2026_cognizant_classic_in_the_palm_beaches	2026-03-01	PGA National - Champion Course	nicolai_hjgaard	Nicolai Højgaard	T6	1	0
2026_cognizant_classic_in_the_palm_beaches	2026-03-01	PGA National - Champion Course	william_mouw	William Mouw	T6	1	0
2026_cognizant_classic_in_the_palm_beaches	2026-03-01	PGA National - Champion Course	keith_mitchell	Keith Mitchell	T6	1	0
2026_cognizant_classic_in_the_palm_beaches	2026-03-01	PGA National - Champion Course	brooks_koepka	Brooks Koepka	T9	1	0
2026_cognizant_classic_in_the_palm_beaches	2026-03-01	PGA National - Champion Course	rasmus_hjgaard	Rasmus Højgaard	T9	1	0
2026_cognizant_classic_in_the_palm_beaches	2026-03-01	PGA National - Champion Course	matti_schmid	Matti Schmid	T9	1	0
2026_cognizant_classic_in_the_palm_beaches	2026-03-01	PGA National - Champion Course	joel_dahmen	Joel Dahmen	T9	1	0
2026_cognizant_classic_in_the_palm_beaches	2026-03-01	PGA National - Champion Course	pontus_nyholm	Pontus Nyholm	T13	1	0
2026_cognizant_classic_in_the_palm_beaches	2026-03-01	PGA National - Champion Course	max_homa	Max Homa	T13	1	0
2026_cognizant_classic_in_the_palm_beaches	2026-03-01	PGA National - Champion Course	patton_kizzire	Patton Kizzire	T13	1	0
2026_cognizant_classic_in_the_palm_beaches	2026-03-01	PGA National - Champion Course	a_j_ewart	A.J. Ewart	T13	1	0
2026_cognizant_classic_in_the_palm_beaches	2026-03-01	PGA National - Champion Course	matthieu_pavon	Matthieu Pavon	T17	1	0
2026_cognizant_classic_in_the_palm_beaches	2026-03-01	PGA National - Champion Course	sudarshan_yellamaraju	Sudarshan Yellamaraju	T17	1	0
2026_cognizant_classic_in_the_palm_beaches	2026-03-01	PGA National - Champion Course	chad_ramey	Chad Ramey	T17	1	0
2026_cognizant_classic_in_the_palm_beaches	2026-03-01	PGA National - Champion Course	kristoffer_reitan	Kristoffer Reitan	T17	1	0
2026_cognizant_classic_in_the_palm_beaches	2026-03-01	PGA National - Champion Course	takumi_kanaya	Takumi Kanaya	T17	1	0
2026_cognizant_classic_in_the_palm_beaches	2026-03-01	PGA National - Champion Course	zecheng_dou	Zecheng Dou	T17	1	0
2026_cognizant_classic_in_the_palm_beaches	2026-03-01	PGA National - Champion Course	jordan_smith	Jordan Smith	T23	1	0
2026_cognizant_classic_in_the_palm_beaches	2026-03-01	PGA National - Champion Course	ryan_gerard	Ryan Gerard	T23	1	0
2026_cognizant_classic_in_the_palm_beaches	2026-03-01	PGA National - Champion Course	mackenzie_hughes	Mackenzie Hughes	T23	1	0
2026_cognizant_classic_in_the_palm_beaches	2026-03-01	PGA National - Champion Course	kevin_roy	Kevin Roy	T23	1	0
2026_cognizant_classic_in_the_palm_beaches	2026-03-01	PGA National - Champion Course	zach_bauchou	Zach Bauchou	T23	1	0
2026_cognizant_classic_in_the_palm_beaches	2026-03-01	PGA National - Champion Course	adrien_dumont_de_chassart	Adrien Dumont de Chassart	T23	1	0
2026_cognizant_classic_in_the_palm_beaches	2026-03-01	PGA National - Champion Course	mark_hubbard	Mark Hubbard	T23	1	0
2026_cognizant_classic_in_the_palm_beaches	2026-03-01	PGA National - Champion Course	aaron_rai	Aaron Rai	T23	1	0
2026_cognizant_classic_in_the_palm_beaches	2026-03-01	PGA National - Champion Course	beau_hossler	Beau Hossler	T23	1	0
2026_cognizant_classic_in_the_palm_beaches	2026-03-01	PGA National - Champion Course	haotong_li	Haotong Li	T32	1	0
2026_cognizant_classic_in_the_palm_beaches	2026-03-01	PGA National - Champion Course	david_ford	David Ford	T32	1	0
2026_cognizant_classic_in_the_palm_beaches	2026-03-01	PGA National - Champion Course	daniel_berger	Daniel Berger	T32	1	0
2026_cognizant_classic_in_the_palm_beaches	2026-03-01	PGA National - Champion Course	kevin_streelman	Kevin Streelman	T32	1	0
2026_cognizant_classic_in_the_palm_beaches	2026-03-01	PGA National - Champion Course	jimmy_stanger	Jimmy Stanger	T32	1	0
2026_cognizant_classic_in_the_palm_beaches	2026-03-01	PGA National - Champion Course	christiaan_bezuidenhout	Christiaan Bezuidenhout	T37	1	0
2026_cognizant_classic_in_the_palm_beaches	2026-03-01	PGA National - Champion Course	eric_cole	Eric Cole	T37	1	0
2026_cognizant_classic_in_the_palm_beaches	2026-03-01	PGA National - Champion Course	steven_fisk	Steven Fisk	T37	1	0
2026_cognizant_classic_in_the_palm_beaches	2026-03-01	PGA National - Champion Course	danny_walker	Danny Walker	T40	1	0
2026_cognizant_classic_in_the_palm_beaches	2026-03-01	PGA National - Champion Course	max_mcgreevy	Max McGreevy	T40	1	0
2026_cognizant_classic_in_the_palm_beaches	2026-03-01	PGA National - Champion Course	hank_lebioda	Hank Lebioda	T40	1	0
2026_cognizant_classic_in_the_palm_beaches	2026-03-01	PGA National - Champion Course	patrick_fishburn	Patrick Fishburn	T40	1	0
2026_cognizant_classic_in_the_palm_beaches	2026-03-01	PGA National - Champion Course	matt_wallace	Matt Wallace	T40	1	0
2026_cognizant_classic_in_the_palm_beaches	2026-03-01	PGA National - Champion Course	dan_brown	Dan Brown	T40	1	0
2026_cognizant_classic_in_the_palm_beaches	2026-03-01	PGA National - Champion Course	austin_eckroat	Austin Eckroat	T40	1	0
2026_cognizant_classic_in_the_palm_beaches	2026-03-01	PGA National - Champion Course	garrick_higgo	Garrick Higgo	T40	1	0
2026_cognizant_classic_in_the_palm_beaches	2026-03-01	PGA National - Champion Course	ben_silverman	Ben Silverman	T40	1	0
2026_cognizant_classic_in_the_palm_beaches	2026-03-01	PGA National - Champion Course	rasmus_neergaard_petersen	Rasmus Neergaard-Petersen	T40	1	0
2026_cognizant_classic_in_the_palm_beaches	2026-03-01	PGA National - Champion Course	lee_hodges	Lee Hodges	T40	1	0
2026_cognizant_classic_in_the_palm_beaches	2026-03-01	PGA National - Champion Course	thorbjrn_olesen	Thorbjørn Olesen	T40	1	0
2026_cognizant_classic_in_the_palm_beaches	2026-03-01	PGA National - Champion Course	carson_young	Carson Young	T52	1	0
2026_cognizant_classic_in_the_palm_beaches	2026-03-01	PGA National - Champion Course	alex_smalley	Alex Smalley	T52	1	0
2026_cognizant_classic_in_the_palm_beaches	2026-03-01	PGA National - Champion Course	seamus_power	Seamus Power	T52	1	0
2026_cognizant_classic_in_the_palm_beaches	2026-03-01	PGA National - Champion Course	michael_brennan	Michael Brennan	T52	1	0
2026_cognizant_classic_in_the_palm_beaches	2026-03-01	PGA National - Champion Course	emiliano_grillo	Emiliano Grillo	T56	1	0
2026_cognizant_classic_in_the_palm_beaches	2026-03-01	PGA National - Champion Course	chan_kim	Chan Kim	T56	1	0
2026_cognizant_classic_in_the_palm_beaches	2026-03-01	PGA National - Champion Course	adrien_saddier	Adrien Saddier	T56	1	0
2026_cognizant_classic_in_the_palm_beaches	2026-03-01	PGA National - Champion Course	tom_kim	Tom Kim	59	1	0
2026_cognizant_classic_in_the_palm_beaches	2026-03-01	PGA National - Champion Course	adam_schenk	Adam Schenk	T60	1	0
2026_cognizant_classic_in_the_palm_beaches	2026-03-01	PGA National - Champion Course	davis_thompson	Davis Thompson	T60	1	0
2026_cognizant_classic_in_the_palm_beaches	2026-03-01	PGA National - Champion Course	billy_horschel	Billy Horschel	62	1	0
2026_cognizant_classic_in_the_palm_beaches	2026-03-01	PGA National - Champion Course	jackson_suber	Jackson Suber	T63	1	0
2026_cognizant_classic_in_the_palm_beaches	2026-03-01	PGA National - Champion Course	john_parry	John Parry	T63	1	0
2026_cognizant_classic_in_the_palm_beaches	2026-03-01	PGA National - Champion Course	chandler_phillips	Chandler Phillips	T63	1	0
2026_cognizant_classic_in_the_palm_beaches	2026-03-01	PGA National - Champion Course	dylan_wu	Dylan Wu	66	1	0
2026_cognizant_classic_in_the_palm_beaches	2026-03-01	PGA National - Champion Course	joe_highsmith	Joe Highsmith	67	1	0
2026_cognizant_classic_in_the_palm_beaches	2026-03-01	PGA National - Champion Course	david_lipsky	David Lipsky	CUT	0	0
2026_cognizant_classic_in_the_palm_beaches	2026-03-01	PGA National - Champion Course	gordon_sargent	Gordon Sargent	CUT	0	0
2026_cognizant_classic_in_the_palm_beaches	2026-03-01	PGA National - Champion Course	sam_ryder	Sam Ryder	CUT	0	0
2026_cognizant_classic_in_the_palm_beaches	2026-03-01	PGA National - Champion Course	erik_van_rooyen	Erik van Rooyen	CUT	0	0
2026_cognizant_classic_in_the_palm_beaches	2026-03-01	PGA National - Champion Course	peter_malnati	Peter Malnati	CUT	0	0
2026_cognizant_classic_in_the_palm_beaches	2026-03-01	PGA National - Champion Course	gary_woodland	Gary Woodland	CUT	0	0
2026_cognizant_classic_in_the_palm_beaches	2026-03-01	PGA National - Champion Course	adam_svensson	Adam Svensson	CUT	0	0
2026_cognizant_classic_in_the_palm_beaches	2026-03-01	PGA National - Champion Course	neal_shipley	Neal Shipley	CUT	0	0
2026_cognizant_classic_in_the_palm_beaches	2026-03-01	PGA National - Champion Course	camilo_villegas	Camilo Villegas	CUT	0	0
2026_cognizant_classic_in_the_palm_beaches	2026-03-01	PGA National - Champion Course	adam_hadwin	Adam Hadwin	CUT	0	0
2026_cognizant_classic_in_the_palm_beaches	2026-03-01	PGA National - Champion Course	johnny_keefer	Johnny Keefer	CUT	0	0
2026_cognizant_classic_in_the_palm_beaches	2026-03-01	PGA National - Champion Course	charley_hoffman	Charley Hoffman	CUT	0	0
2026_cognizant_classic_in_the_palm_beaches	2026-03-01	PGA National - Champion Course	s_h_kim	S.H. Kim	CUT	0	0
2026_cognizant_classic_in_the_palm_beaches	2026-03-01	PGA National - Champion Course	jeffrey_kang	Jeffrey Kang	CUT	0	0
2026_cognizant_classic_in_the_palm_beaches	2026-03-01	PGA National - Champion Course	justin_hicks	Justin Hicks	CUT	0	0
2026_cognizant_classic_in_the_palm_beaches	2026-03-01	PGA National - Champion Course	harry_higgs	Harry Higgs	CUT	0	0
2026_cognizant_classic_in_the_palm_beaches	2026-03-01	PGA National - Champion Course	aaron_wise	Aaron Wise	CUT	0	0
2026_cognizant_classic_in_the_palm_beaches	2026-03-01	PGA National - Champion Course	k_h_lee	K.H. Lee	CUT	0	0
2026_cognizant_classic_in_the_palm_beaches	2026-03-01	PGA National - Champion Course	christo_lamprecht	Christo Lamprecht	CUT	0	0
2026_cognizant_classic_in_the_palm_beaches	2026-03-01	PGA National - Champion Course	sami_valimaki	Sami Valimaki	CUT	0	0
2026_cognizant_classic_in_the_palm_beaches	2026-03-01	PGA National - Champion Course	isaiah_salinda	Isaiah Salinda	CUT	0	0
2026_cognizant_classic_in_the_palm_beaches	2026-03-01	PGA National - Champion Course	keita_nakajima	Keita Nakajima	WD	0	0
2026_arnold_palmer_invitational	2026-03-08	Arnold Palmer's Bay Hill Club & Lodge	akshay_bhatia	Akshay Bhatia	1	1	1
2026_arnold_palmer_invitational	2026-03-08	Arnold Palmer's Bay Hill Club & Lodge	daniel_berger	Daniel Berger	2	1	0
2026_arnold_palmer_invitational	2026-03-08	Arnold Palmer's Bay Hill Club & Lodge	ludvig_aberg	Ludvig Åberg	T3	1	0
2026_arnold_palmer_invitational	2026-03-08	Arnold Palmer's Bay Hill Club & Lodge	cameron_young	Cameron Young	T3	1	0
2026_arnold_palmer_invitational	2026-03-08	Arnold Palmer's Bay Hill Club & Lodge	collin_morikawa	Collin Morikawa	5	1	0
2026_arnold_palmer_invitational	2026-03-08	Arnold Palmer's Bay Hill Club & Lodge	sahith_theegala	Sahith Theegala	T6	1	0
2026_arnold_palmer_invitational	2026-03-08	Arnold Palmer's Bay Hill Club & Lodge	russell_henley	Russell Henley	T6	1	0
2026_arnold_palmer_invitational	2026-03-08	Arnold Palmer's Bay Hill Club & Lodge	min_woo_lee	Min Woo Lee	T6	1	0
2026_arnold_palmer_invitational	2026-03-08	Arnold Palmer's Bay Hill Club & Lodge	rickie_fowler	Rickie Fowler	T9	1	0
2026_arnold_palmer_invitational	2026-03-08	Arnold Palmer's Bay Hill Club & Lodge	harry_hall	Harry Hall	T9	1	0
2026_arnold_palmer_invitational	2026-03-08	Arnold Palmer's Bay Hill Club & Lodge	adam_scott	Adam Scott	T11	1	0
2026_arnold_palmer_invitational	2026-03-08	Arnold Palmer's Bay Hill Club & Lodge	jordan_spieth	Jordan Spieth	T11	1	0
2026_arnold_palmer_invitational	2026-03-08	Arnold Palmer's Bay Hill Club & Lodge	billy_horschel	Billy Horschel	T13	1	0
2026_arnold_palmer_invitational	2026-03-08	Arnold Palmer's Bay Hill Club & Lodge	si_woo_kim	Si Woo Kim	T13	1	0
2026_arnold_palmer_invitational	2026-03-08	Arnold Palmer's Bay Hill Club & Lodge	maverick_mcnealy	Maverick McNealy	T13	1	0
2026_arnold_palmer_invitational	2026-03-08	Arnold Palmer's Bay Hill Club & Lodge	viktor_hovland	Viktor Hovland	T13	1	0
2026_arnold_palmer_invitational	2026-03-08	Arnold Palmer's Bay Hill Club & Lodge	sepp_straka	Sepp Straka	T13	1	0
2026_arnold_palmer_invitational	2026-03-08	Arnold Palmer's Bay Hill Club & Lodge	max_greyserman	Max Greyserman	T18	1	0
2026_arnold_palmer_invitational	2026-03-08	Arnold Palmer's Bay Hill Club & Lodge	kurt_kitayama	Kurt Kitayama	T18	1	0
2026_arnold_palmer_invitational	2026-03-08	Arnold Palmer's Bay Hill Club & Lodge	jacob_bridgeman	Jacob Bridgeman	T18	1	0
2026_arnold_palmer_invitational	2026-03-08	Arnold Palmer's Bay Hill Club & Lodge	jhonattan_vegas	Jhonattan Vegas	T18	1	0
2026_arnold_palmer_invitational	2026-03-08	Arnold Palmer's Bay Hill Club & Lodge	bud_cauley	Bud Cauley	T18	1	0
2026_arnold_palmer_invitational	2026-03-08	Arnold Palmer's Bay Hill Club & Lodge	chris_gotterup	Chris Gotterup	T18	1	0
2026_arnold_palmer_invitational	2026-03-08	Arnold Palmer's Bay Hill Club & Lodge	robert_macintyre	Robert MacIntyre	T24	1	0
2026_arnold_palmer_invitational	2026-03-08	Arnold Palmer's Bay Hill Club & Lodge	lucas_glover	Lucas Glover	T24	1	0
2026_arnold_palmer_invitational	2026-03-08	Arnold Palmer's Bay Hill Club & Lodge	ryan_fox	Ryan Fox	T24	1	0
2026_arnold_palmer_invitational	2026-03-08	Arnold Palmer's Bay Hill Club & Lodge	nicolai_hjgaard	Nicolai Højgaard	T24	1	0
2026_arnold_palmer_invitational	2026-03-08	Arnold Palmer's Bay Hill Club & Lodge	harris_english	Harris English	T24	1	0
2026_arnold_palmer_invitational	2026-03-08	Arnold Palmer's Bay Hill Club & Lodge	scottie_scheffler	Scottie Scheffler	T24	1	0
2026_arnold_palmer_invitational	2026-03-08	Arnold Palmer's Bay Hill Club & Lodge	alex_noren	Alex Noren	T24	1	0
2026_arnold_palmer_invitational	2026-03-08	Arnold Palmer's Bay Hill Club & Lodge	patrick_rodgers	Patrick Rodgers	T24	1	0
2026_arnold_palmer_invitational	2026-03-08	Arnold Palmer's Bay Hill Club & Lodge	xander_schauffele	Xander Schauffele	T24	1	0
2026_arnold_palmer_invitational	2026-03-08	Arnold Palmer's Bay Hill Club & Lodge	keith_mitchell	Keith Mitchell	T33	1	0
2026_arnold_palmer_invitational	2026-03-08	Arnold Palmer's Bay Hill Club & Lodge	corey_conners	Corey Conners	T33	1	0
2026_arnold_palmer_invitational	2026-03-08	Arnold Palmer's Bay Hill Club & Lodge	michael_kim	Michael Kim	T33	1	0
2026_arnold_palmer_invitational	2026-03-08	Arnold Palmer's Bay Hill Club & Lodge	ryo_hisatsune	Ryo Hisatsune	T33	1	0
2026_arnold_palmer_invitational	2026-03-08	Arnold Palmer's Bay Hill Club & Lodge	michael_thorbjornsen	Michael Thorbjornsen	T33	1	0
2026_arnold_palmer_invitational	2026-03-08	Arnold Palmer's Bay Hill Club & Lodge	nick_taylor	Nick Taylor	T38	1	0
2026_arnold_palmer_invitational	2026-03-08	Arnold Palmer's Bay Hill Club & Lodge	taylor_pendrith	Taylor Pendrith	T38	1	0
2026_arnold_palmer_invitational	2026-03-08	Arnold Palmer's Bay Hill Club & Lodge	andrew_novak	Andrew Novak	T38	1	0
2026_arnold_palmer_invitational	2026-03-08	Arnold Palmer's Bay Hill Club & Lodge	hideki_matsuyama	Hideki Matsuyama	T41	1	0
2026_arnold_palmer_invitational	2026-03-08	Arnold Palmer's Bay Hill Club & Lodge	matt_mccarty	Matt McCarty	T41	1	0
2026_arnold_palmer_invitational	2026-03-08	Arnold Palmer's Bay Hill Club & Lodge	matt_fitzpatrick	Matt Fitzpatrick	T41	1	0
2026_arnold_palmer_invitational	2026-03-08	Arnold Palmer's Bay Hill Club & Lodge	taylor_moore	Taylor Moore	T44	1	0
2026_arnold_palmer_invitational	2026-03-08	Arnold Palmer's Bay Hill Club & Lodge	andrew_putnam	Andrew Putnam	T44	1	0
2026_arnold_palmer_invitational	2026-03-08	Arnold Palmer's Bay Hill Club & Lodge	nico_echavarria	Nico Echavarria	T44	1	0
2026_arnold_palmer_invitational	2026-03-08	Arnold Palmer's Bay Hill Club & Lodge	daniel_bennett	Daniel Bennett	T47	1	0
2026_arnold_palmer_invitational	2026-03-08	Arnold Palmer's Bay Hill Club & Lodge	chris_kirk	Chris Kirk	T47	1	0
2026_arnold_palmer_invitational	2026-03-08	Arnold Palmer's Bay Hill Club & Lodge	tommy_fleetwood	Tommy Fleetwood	49	1	0
2026_arnold_palmer_invitational	2026-03-08	Arnold Palmer's Bay Hill Club & Lodge	brian_harman	Brian Harman	50	1	0
2026_arnold_palmer_invitational	2026-03-08	Arnold Palmer's Bay Hill Club & Lodge	patrick_cantlay	Patrick Cantlay	CUT	0	0
2026_arnold_palmer_invitational	2026-03-08	Arnold Palmer's Bay Hill Club & Lodge	rory_mcilroy	Rory McIlroy	WD	0	0
2026_arnold_palmer_invitational	2026-03-08	Arnold Palmer's Bay Hill Club & Lodge	austin_smotherman	Austin Smotherman	WD	0	0
2026_the_players_championship	2026-03-15	TPC Sawgrass - THE PLAYERS Stadium Course	cameron_young	Cameron Young	1	1	1
2026_the_players_championship	2026-03-15	TPC Sawgrass - THE PLAYERS Stadium Course	matt_fitzpatrick	Matt Fitzpatrick	2	1	0
2026_the_players_championship	2026-03-15	TPC Sawgrass - THE PLAYERS Stadium Course	xander_schauffele	Xander Schauffele	3	1	0
2026_the_players_championship	2026-03-15	TPC Sawgrass - THE PLAYERS Stadium Course	robert_macintyre	Robert MacIntyre	4	1	0
2026_the_players_championship	2026-03-15	TPC Sawgrass - THE PLAYERS Stadium Course	sudarshan_yellamaraju	Sudarshan Yellamaraju	T5	1	0
2026_the_players_championship	2026-03-15	TPC Sawgrass - THE PLAYERS Stadium Course	jacob_bridgeman	Jacob Bridgeman	T5	1	0
2026_the_players_championship	2026-03-15	TPC Sawgrass - THE PLAYERS Stadium Course	ludvig_aberg	Ludvig Åberg	T5	1	0
2026_the_players_championship	2026-03-15	TPC Sawgrass - THE PLAYERS Stadium Course	tommy_fleetwood	Tommy Fleetwood	T8	1	0
2026_the_players_championship	2026-03-15	TPC Sawgrass - THE PLAYERS Stadium Course	sepp_straka	Sepp Straka	T8	1	0
2026_the_players_championship	2026-03-15	TPC Sawgrass - THE PLAYERS Stadium Course	justin_thomas	Justin Thomas	T8	1	0
2026_the_players_championship	2026-03-15	TPC Sawgrass - THE PLAYERS Stadium Course	patrick_rodgers	Patrick Rodgers	T11	1	0
2026_the_players_championship	2026-03-15	TPC Sawgrass - THE PLAYERS Stadium Course	brian_harman	Brian Harman	T11	1	0
2026_the_players_championship	2026-03-15	TPC Sawgrass - THE PLAYERS Stadium Course	sam_burns	Sam Burns	T13	1	0
2026_the_players_championship	2026-03-15	TPC Sawgrass - THE PLAYERS Stadium Course	akshay_bhatia	Akshay Bhatia	T13	1	0
2026_the_players_championship	2026-03-15	TPC Sawgrass - THE PLAYERS Stadium Course	brooks_koepka	Brooks Koepka	T13	1	0
2026_the_players_championship	2026-03-15	TPC Sawgrass - THE PLAYERS Stadium Course	ryo_hisatsune	Ryo Hisatsune	T13	1	0
2026_the_players_championship	2026-03-15	TPC Sawgrass - THE PLAYERS Stadium Course	russell_henley	Russell Henley	T13	1	0
2026_the_players_championship	2026-03-15	TPC Sawgrass - THE PLAYERS Stadium Course	justin_rose	Justin Rose	T13	1	0
2026_the_players_championship	2026-03-15	TPC Sawgrass - THE PLAYERS Stadium Course	austin_smotherman	Austin Smotherman	T13	1	0
2026_the_players_championship	2026-03-15	TPC Sawgrass - THE PLAYERS Stadium Course	corey_conners	Corey Conners	T13	1	0
2026_the_players_championship	2026-03-15	TPC Sawgrass - THE PLAYERS Stadium Course	viktor_hovland	Viktor Hovland	T13	1	0
2026_the_players_championship	2026-03-15	TPC Sawgrass - THE PLAYERS Stadium Course	scottie_scheffler	Scottie Scheffler	T22	1	0
2026_the_players_championship	2026-03-15	TPC Sawgrass - THE PLAYERS Stadium Course	michael_thorbjornsen	Michael Thorbjornsen	T22	1	0
2026_the_players_championship	2026-03-15	TPC Sawgrass - THE PLAYERS Stadium Course	alex_smalley	Alex Smalley	T24	1	0
2026_the_players_championship	2026-03-15	TPC Sawgrass - THE PLAYERS Stadium Course	j_j_spaun	J.J. Spaun	T24	1	0
2026_the_players_championship	2026-03-15	TPC Sawgrass - THE PLAYERS Stadium Course	william_mouw	William Mouw	T24	1	0
2026_the_players_championship	2026-03-15	TPC Sawgrass - THE PLAYERS Stadium Course	hideki_matsuyama	Hideki Matsuyama	T27	1	0
2026_the_players_championship	2026-03-15	TPC Sawgrass - THE PLAYERS Stadium Course	nicolai_hjgaard	Nicolai Højgaard	T27	1	0
2026_the_players_championship	2026-03-15	TPC Sawgrass - THE PLAYERS Stadium Course	chris_kirk	Chris Kirk	T27	1	0
2026_the_players_championship	2026-03-15	TPC Sawgrass - THE PLAYERS Stadium Course	ryan_gerard	Ryan Gerard	T27	1	0
2026_the_players_championship	2026-03-15	TPC Sawgrass - THE PLAYERS Stadium Course	chad_ramey	Chad Ramey	T27	1	0
2026_the_players_championship	2026-03-15	TPC Sawgrass - THE PLAYERS Stadium Course	jordan_spieth	Jordan Spieth	T32	1	0
2026_the_players_championship	2026-03-15	TPC Sawgrass - THE PLAYERS Stadium Course	eric_cole	Eric Cole	T32	1	0
2026_the_players_championship	2026-03-15	TPC Sawgrass - THE PLAYERS Stadium Course	bud_cauley	Bud Cauley	T32	1	0
2026_the_players_championship	2026-03-15	TPC Sawgrass - THE PLAYERS Stadium Course	patrick_cantlay	Patrick Cantlay	T32	1	0
2026_the_players_championship	2026-03-15	TPC Sawgrass - THE PLAYERS Stadium Course	andrew_putnam	Andrew Putnam	T32	1	0
2026_the_players_championship	2026-03-15	TPC Sawgrass - THE PLAYERS Stadium Course	alex_noren	Alex Noren	T32	1	0
2026_the_players_championship	2026-03-15	TPC Sawgrass - THE PLAYERS Stadium Course	max_homa	Max Homa	T32	1	0
2026_the_players_championship	2026-03-15	TPC Sawgrass - THE PLAYERS Stadium Course	min_woo_lee	Min Woo Lee	T32	1	0
2026_the_players_championship	2026-03-15	TPC Sawgrass - THE PLAYERS Stadium Course	maverick_mcnealy	Maverick McNealy	T32	1	0
2026_the_players_championship	2026-03-15	TPC Sawgrass - THE PLAYERS Stadium Course	sahith_theegala	Sahith Theegala	T32	1	0
2026_the_players_championship	2026-03-15	TPC Sawgrass - THE PLAYERS Stadium Course	rickie_fowler	Rickie Fowler	T42	1	0
2026_the_players_championship	2026-03-15	TPC Sawgrass - THE PLAYERS Stadium Course	wyndham_clark	Wyndham Clark	T42	1	0
2026_the_players_championship	2026-03-15	TPC Sawgrass - THE PLAYERS Stadium Course	nick_taylor	Nick Taylor	T42	1	0
2026_the_players_championship	2026-03-15	TPC Sawgrass - THE PLAYERS Stadium Course	joe_highsmith	Joe Highsmith	T42	1	0
2026_the_players_championship	2026-03-15	TPC Sawgrass - THE PLAYERS Stadium Course	rory_mcilroy	Rory McIlroy	T46	1	0
2026_the_players_championship	2026-03-15	TPC Sawgrass - THE PLAYERS Stadium Course	taylor_pendrith	Taylor Pendrith	T46	1	0
2026_the_players_championship	2026-03-15	TPC Sawgrass - THE PLAYERS Stadium Course	matti_schmid	Matti Schmid	T46	1	0
2026_the_players_championship	2026-03-15	TPC Sawgrass - THE PLAYERS Stadium Course	keith_mitchell	Keith Mitchell	T46	1	0
2026_the_players_championship	2026-03-15	TPC Sawgrass - THE PLAYERS Stadium Course	j_t_poston	J.T. Poston	T50	1	0
2026_the_players_championship	2026-03-15	TPC Sawgrass - THE PLAYERS Stadium Course	taylor_moore	Taylor Moore	T50	1	0
2026_the_players_championship	2026-03-15	TPC Sawgrass - THE PLAYERS Stadium Course	zach_bauchou	Zach Bauchou	T50	1	0
2026_the_players_championship	2026-03-15	TPC Sawgrass - THE PLAYERS Stadium Course	max_mcgreevy	Max McGreevy	T50	1	0
2026_the_players_championship	2026-03-15	TPC Sawgrass - THE PLAYERS Stadium Course	si_woo_kim	Si Woo Kim	T50	1	0
2026_the_players_championship	2026-03-15	TPC Sawgrass - THE PLAYERS Stadium Course	keegan_bradley	Keegan Bradley	T50	1	0
2026_the_players_championship	2026-03-15	TPC Sawgrass - THE PLAYERS Stadium Course	adam_scott	Adam Scott	T56	1	0
2026_the_players_championship	2026-03-15	TPC Sawgrass - THE PLAYERS Stadium Course	chris_gotterup	Chris Gotterup	T56	1	0
2026_the_players_championship	2026-03-15	TPC Sawgrass - THE PLAYERS Stadium Course	sam_stevens	Sam Stevens	58	1	0
2026_the_players_championship	2026-03-15	TPC Sawgrass - THE PLAYERS Stadium Course	kevin_roy	Kevin Roy	T59	1	0
2026_the_players_championship	2026-03-15	TPC Sawgrass - THE PLAYERS Stadium Course	lee_hodges	Lee Hodges	T59	1	0
2026_the_players_championship	2026-03-15	TPC Sawgrass - THE PLAYERS Stadium Course	jason_day	Jason Day	T59	1	0
2026_the_players_championship	2026-03-15	TPC Sawgrass - THE PLAYERS Stadium Course	danny_walker	Danny Walker	T62	1	0
2026_the_players_championship	2026-03-15	TPC Sawgrass - THE PLAYERS Stadium Course	steven_fisk	Steven Fisk	T62	1	0
2026_the_players_championship	2026-03-15	TPC Sawgrass - THE PLAYERS Stadium Course	rico_hoey	Rico Hoey	T62	1	0
2026_the_players_championship	2026-03-15	TPC Sawgrass - THE PLAYERS Stadium Course	stephan_jaeger	Stephan Jaeger	T62	1	0
2026_the_players_championship	2026-03-15	TPC Sawgrass - THE PLAYERS Stadium Course	kristoffer_reitan	Kristoffer Reitan	T66	1	0
2026_the_players_championship	2026-03-15	TPC Sawgrass - THE PLAYERS Stadium Course	daniel_berger	Daniel Berger	T66	1	0
2026_the_players_championship	2026-03-15	TPC Sawgrass - THE PLAYERS Stadium Course	nico_echavarria	Nico Echavarria	T66	1	0
2026_the_players_championship	2026-03-15	TPC Sawgrass - THE PLAYERS Stadium Course	michael_brennan	Michael Brennan	69	1	0
2026_the_players_championship	2026-03-15	TPC Sawgrass - THE PLAYERS Stadium Course	ricky_castillo	Ricky Castillo	T70	1	0
2026_the_players_championship	2026-03-15	TPC Sawgrass - THE PLAYERS Stadium Course	tony_finau	Tony Finau	T70	1	0
2026_the_players_championship	2026-03-15	TPC Sawgrass - THE PLAYERS Stadium Course	seamus_power	Seamus Power	T70	1	0
2026_the_players_championship	2026-03-15	TPC Sawgrass - THE PLAYERS Stadium Course	takumi_kanaya	Takumi Kanaya	73	1	0
2026_the_players_championship	2026-03-15	TPC Sawgrass - THE PLAYERS Stadium Course	erik_van_rooyen	Erik van Rooyen	CUT	0	0
2026_the_players_championship	2026-03-15	TPC Sawgrass - THE PLAYERS Stadium Course	harry_hall	Harry Hall	CUT	0	0
2026_valspar_championship	2026-03-22	Innisbrook Resort and Golf Club - Copperhead Course	matt_fitzpatrick	Matt Fitzpatrick	1	1	1
2026_valspar_championship	2026-03-22	Innisbrook Resort and Golf Club - Copperhead Course	david_lipsky	David Lipsky	2	1	0
2026_valspar_championship	2026-03-22	Innisbrook Resort and Golf Club - Copperhead Course	jordan_smith	Jordan Smith	3	1	0
2026_valspar_championship	2026-03-22	Innisbrook Resort and Golf Club - Copperhead Course	xander_schauffele	Xander Schauffele	T4	1	0
2026_valspar_championship	2026-03-22	Innisbrook Resort and Golf Club - Copperhead Course	marco_penge	Marco Penge	T4	1	0
2026_valspar_championship	2026-03-22	Innisbrook Resort and Golf Club - Copperhead Course	sungjae_im	Sungjae Im	T4	1	0
2026_valspar_championship	2026-03-22	Innisbrook Resort and Golf Club - Copperhead Course	emiliano_grillo	Emiliano Grillo	T7	1	0
2026_valspar_championship	2026-03-22	Innisbrook Resort and Golf Club - Copperhead Course	stephan_jaeger	Stephan Jaeger	T7	1	0
2026_valspar_championship	2026-03-22	Innisbrook Resort and Golf Club - Copperhead Course	patrick_cantlay	Patrick Cantlay	T7	1	0
2026_valspar_championship	2026-03-22	Innisbrook Resort and Golf Club - Copperhead Course	s_h_kim	S.H. Kim	T7	1	0
2026_valspar_championship	2026-03-22	Innisbrook Resort and Golf Club - Copperhead Course	a_j_ewart	A.J. Ewart	T11	1	0
2026_valspar_championship	2026-03-22	Innisbrook Resort and Golf Club - Copperhead Course	jordan_spieth	Jordan Spieth	T11	1	0
2026_valspar_championship	2026-03-22	Innisbrook Resort and Golf Club - Copperhead Course	matthieu_pavon	Matthieu Pavon	T11	1	0
2026_valspar_championship	2026-03-22	Innisbrook Resort and Golf Club - Copperhead Course	hank_lebioda	Hank Lebioda	T14	1	0
2026_valspar_championship	2026-03-22	Innisbrook Resort and Golf Club - Copperhead Course	jacob_bridgeman	Jacob Bridgeman	T14	1	0
2026_valspar_championship	2026-03-22	Innisbrook Resort and Golf Club - Copperhead Course	gary_woodland	Gary Woodland	T14	1	0
2026_valspar_championship	2026-03-22	Innisbrook Resort and Golf Club - Copperhead Course	corey_conners	Corey Conners	T14	1	0
2026_valspar_championship	2026-03-22	Innisbrook Resort and Golf Club - Copperhead Course	webb_simpson	Webb Simpson	T18	1	0
2026_valspar_championship	2026-03-22	Innisbrook Resort and Golf Club - Copperhead Course	lee_hodges	Lee Hodges	T18	1	0
2026_valspar_championship	2026-03-22	Innisbrook Resort and Golf Club - Copperhead Course	danny_walker	Danny Walker	T18	1	0
2026_valspar_championship	2026-03-22	Innisbrook Resort and Golf Club - Copperhead Course	brooks_koepka	Brooks Koepka	T18	1	0
2026_valspar_championship	2026-03-22	Innisbrook Resort and Golf Club - Copperhead Course	tony_finau	Tony Finau	T18	1	0
2026_valspar_championship	2026-03-22	Innisbrook Resort and Golf Club - Copperhead Course	chandler_blanchet	Chandler Blanchet	T18	1	0
2026_valspar_championship	2026-03-22	Innisbrook Resort and Golf Club - Copperhead Course	tom_kim	Tom Kim	T18	1	0
2026_valspar_championship	2026-03-22	Innisbrook Resort and Golf Club - Copperhead Course	brandt_snedeker	Brandt Snedeker	T18	1	0
2026_valspar_championship	2026-03-22	Innisbrook Resort and Golf Club - Copperhead Course	denny_mccarthy	Denny McCarthy	T26	1	0
2026_valspar_championship	2026-03-22	Innisbrook Resort and Golf Club - Copperhead Course	dylan_wu	Dylan Wu	T26	1	0
2026_valspar_championship	2026-03-22	Innisbrook Resort and Golf Club - Copperhead Course	rico_hoey	Rico Hoey	T26	1	0
2026_valspar_championship	2026-03-22	Innisbrook Resort and Golf Club - Copperhead Course	adrien_dumont_de_chassart	Adrien Dumont de Chassart	T26	1	0
2026_valspar_championship	2026-03-22	Innisbrook Resort and Golf Club - Copperhead Course	justin_thomas	Justin Thomas	T30	1	0
2026_valspar_championship	2026-03-22	Innisbrook Resort and Golf Club - Copperhead Course	alejandro_tosti	Alejandro Tosti	T30	1	0
2026_valspar_championship	2026-03-22	Innisbrook Resort and Golf Club - Copperhead Course	michael_kim	Michael Kim	T30	1	0
2026_valspar_championship	2026-03-22	Innisbrook Resort and Golf Club - Copperhead Course	christiaan_bezuidenhout	Christiaan Bezuidenhout	T30	1	0
2026_valspar_championship	2026-03-22	Innisbrook Resort and Golf Club - Copperhead Course	andrew_putnam	Andrew Putnam	T30	1	0
2026_valspar_championship	2026-03-22	Innisbrook Resort and Golf Club - Copperhead Course	jimmy_stanger	Jimmy Stanger	T30	1	0
2026_valspar_championship	2026-03-22	Innisbrook Resort and Golf Club - Copperhead Course	ryo_hisatsune	Ryo Hisatsune	T30	1	0
2026_valspar_championship	2026-03-22	Innisbrook Resort and Golf Club - Copperhead Course	david_skinns	David Skinns	T30	1	0
2026_valspar_championship	2026-03-22	Innisbrook Resort and Golf Club - Copperhead Course	seamus_power	Seamus Power	T30	1	0
2026_valspar_championship	2026-03-22	Innisbrook Resort and Golf Club - Copperhead Course	kevin_yu	Kevin Yu	T30	1	0
2026_valspar_championship	2026-03-22	Innisbrook Resort and Golf Club - Copperhead Course	matti_schmid	Matti Schmid	T40	1	0
2026_valspar_championship	2026-03-22	Innisbrook Resort and Golf Club - Copperhead Course	blades_brown	Blades Brown	T40	1	0
2026_valspar_championship	2026-03-22	Innisbrook Resort and Golf Club - Copperhead Course	matt_wallace	Matt Wallace	T40	1	0
2026_valspar_championship	2026-03-22	Innisbrook Resort and Golf Club - Copperhead Course	davis_chatfield	Davis Chatfield	T40	1	0
2026_valspar_championship	2026-03-22	Innisbrook Resort and Golf Club - Copperhead Course	patrick_rodgers	Patrick Rodgers	T40	1	0
2026_valspar_championship	2026-03-22	Innisbrook Resort and Golf Club - Copperhead Course	doug_ghim	Doug Ghim	T40	1	0
2026_valspar_championship	2026-03-22	Innisbrook Resort and Golf Club - Copperhead Course	david_ford	David Ford	T46	1	0
2026_valspar_championship	2026-03-22	Innisbrook Resort and Golf Club - Copperhead Course	davis_thompson	Davis Thompson	T46	1	0
2026_valspar_championship	2026-03-22	Innisbrook Resort and Golf Club - Copperhead Course	kensei_hirata	Kensei Hirata	T46	1	0
2026_valspar_championship	2026-03-22	Innisbrook Resort and Golf Club - Copperhead Course	ricky_castillo	Ricky Castillo	T46	1	0
2026_valspar_championship	2026-03-22	Innisbrook Resort and Golf Club - Copperhead Course	john_vanderlaan	John VanDerLaan	T46	1	0
2026_valspar_championship	2026-03-22	Innisbrook Resort and Golf Club - Copperhead Course	takumi_kanaya	Takumi Kanaya	T46	1	0
2026_valspar_championship	2026-03-22	Innisbrook Resort and Golf Club - Copperhead Course	alex_smalley	Alex Smalley	T46	1	0
2026_valspar_championship	2026-03-22	Innisbrook Resort and Golf Club - Copperhead Course	patrick_fishburn	Patrick Fishburn	T46	1	0
2026_valspar_championship	2026-03-22	Innisbrook Resort and Golf Club - Copperhead Course	isaiah_salinda	Isaiah Salinda	T46	1	0
2026_valspar_championship	2026-03-22	Innisbrook Resort and Golf Club - Copperhead Course	pierceson_coody	Pierceson Coody	T55	1	0
2026_valspar_championship	2026-03-22	Innisbrook Resort and Golf Club - Copperhead Course	keegan_bradley	Keegan Bradley	T55	1	0
2026_valspar_championship	2026-03-22	Innisbrook Resort and Golf Club - Copperhead Course	nicolai_hjgaard	Nicolai Højgaard	T55	1	0
2026_valspar_championship	2026-03-22	Innisbrook Resort and Golf Club - Copperhead Course	andrew_novak	Andrew Novak	T55	1	0
2026_valspar_championship	2026-03-22	Innisbrook Resort and Golf Club - Copperhead Course	mackenzie_hughes	Mackenzie Hughes	T55	1	0
2026_valspar_championship	2026-03-22	Innisbrook Resort and Golf Club - Copperhead Course	chandler_phillips	Chandler Phillips	T55	1	0
2026_valspar_championship	2026-03-22	Innisbrook Resort and Golf Club - Copperhead Course	justin_lower	Justin Lower	T55	1	0
2026_valspar_championship	2026-03-22	Innisbrook Resort and Golf Club - Copperhead Course	john_parry	John Parry	T55	1	0
2026_valspar_championship	2026-03-22	Innisbrook Resort and Golf Club - Copperhead Course	rasmus_neergaard_petersen	Rasmus Neergaard-Petersen	T55	1	0
2026_valspar_championship	2026-03-22	Innisbrook Resort and Golf Club - Copperhead Course	sam_ryder	Sam Ryder	T64	1	0
2026_valspar_championship	2026-03-22	Innisbrook Resort and Golf Club - Copperhead Course	chad_ramey	Chad Ramey	T64	1	0
2026_valspar_championship	2026-03-22	Innisbrook Resort and Golf Club - Copperhead Course	karl_vilips	Karl Vilips	T64	1	0
2026_valspar_championship	2026-03-22	Innisbrook Resort and Golf Club - Copperhead Course	joel_dahmen	Joel Dahmen	T64	1	0
2026_valspar_championship	2026-03-22	Innisbrook Resort and Golf Club - Copperhead Course	vince_whaley	Vince Whaley	T68	1	0
2026_valspar_championship	2026-03-22	Innisbrook Resort and Golf Club - Copperhead Course	rasmus_hjgaard	Rasmus Højgaard	T68	1	0
2026_valspar_championship	2026-03-22	Innisbrook Resort and Golf Club - Copperhead Course	kevin_streelman	Kevin Streelman	T68	1	0
2026_valspar_championship	2026-03-22	Innisbrook Resort and Golf Club - Copperhead Course	billy_horschel	Billy Horschel	T68	1	0
2026_valspar_championship	2026-03-22	Innisbrook Resort and Golf Club - Copperhead Course	henrik_norlander	Henrik Norlander	T68	1	0
2026_valspar_championship	2026-03-22	Innisbrook Resort and Golf Club - Copperhead Course	kevin_roy	Kevin Roy	73	1	0
2026_valspar_championship	2026-03-22	Innisbrook Resort and Golf Club - Copperhead Course	bud_cauley	Bud Cauley	74	1	0
2026_valspar_championship	2026-03-22	Innisbrook Resort and Golf Club - Copperhead Course	pontus_nyholm	Pontus Nyholm	CUT	0	0
2026_valspar_championship	2026-03-22	Innisbrook Resort and Golf Club - Copperhead Course	patton_kizzire	Patton Kizzire	CUT	0	0
2026_valspar_championship	2026-03-22	Innisbrook Resort and Golf Club - Copperhead Course	erik_van_rooyen	Erik van Rooyen	CUT	0	0
2026_valspar_championship	2026-03-22	Innisbrook Resort and Golf Club - Copperhead Course	jeremy_paul	Jeremy Paul	CUT	0	0
2026_valspar_championship	2026-03-22	Innisbrook Resort and Golf Club - Copperhead Course	austin_smotherman	Austin Smotherman	CUT	0	0
2026_valspar_championship	2026-03-22	Innisbrook Resort and Golf Club - Copperhead Course	matt_mccarty	Matt McCarty	CUT	0	0
2026_valspar_championship	2026-03-22	Innisbrook Resort and Golf Club - Copperhead Course	johnny_keefer	Johnny Keefer	CUT	0	0
2026_valspar_championship	2026-03-22	Innisbrook Resort and Golf Club - Copperhead Course	brian_campbell	Brian Campbell	WD	0	0
2026_texas_childrens_houston_open	2026-03-29	Memorial Park Golf Course	gary_woodland	Gary Woodland	1	1	1
2026_texas_childrens_houston_open	2026-03-29	Memorial Park Golf Course	nicolai_hjgaard	Nicolai Højgaard	2	1	0
2026_texas_childrens_houston_open	2026-03-29	Memorial Park Golf Course	johnny_keefer	Johnny Keefer	T3	1	0
2026_texas_childrens_houston_open	2026-03-29	Memorial Park Golf Course	min_woo_lee	Min Woo Lee	T3	1	0
2026_texas_childrens_houston_open	2026-03-29	Memorial Park Golf Course	sam_stevens	Sam Stevens	5	1	0
2026_texas_childrens_houston_open	2026-03-29	Memorial Park Golf Course	jake_knapp	Jake Knapp	T6	1	0
2026_texas_childrens_houston_open	2026-03-29	Memorial Park Golf Course	chris_gotterup	Chris Gotterup	T6	1	0
2026_texas_childrens_houston_open	2026-03-29	Memorial Park Golf Course	sudarshan_yellamaraju	Sudarshan Yellamaraju	T6	1	0
2026_texas_childrens_houston_open	2026-03-29	Memorial Park Golf Course	jason_day	Jason Day	T6	1	0
2026_texas_childrens_houston_open	2026-03-29	Memorial Park Golf Course	bronson_burgoon	Bronson Burgoon	T10	1	0
2026_texas_childrens_houston_open	2026-03-29	Memorial Park Golf Course	sahith_theegala	Sahith Theegala	T10	1	0
2026_texas_childrens_houston_open	2026-03-29	Memorial Park Golf Course	adrien_dumont_de_chassart	Adrien Dumont de Chassart	T12	1	0
2026_texas_childrens_houston_open	2026-03-29	Memorial Park Golf Course	denny_mccarthy	Denny McCarthy	T12	1	0
2026_texas_childrens_houston_open	2026-03-29	Memorial Park Golf Course	keith_mitchell	Keith Mitchell	T14	1	0
2026_texas_childrens_houston_open	2026-03-29	Memorial Park Golf Course	pontus_nyholm	Pontus Nyholm	T14	1	0
2026_texas_childrens_houston_open	2026-03-29	Memorial Park Golf Course	thorbjrn_olesen	Thorbjørn Olesen	T14	1	0
2026_texas_childrens_houston_open	2026-03-29	Memorial Park Golf Course	jhonattan_vegas	Jhonattan Vegas	T14	1	0
2026_texas_childrens_houston_open	2026-03-29	Memorial Park Golf Course	michael_thorbjornsen	Michael Thorbjornsen	T14	1	0
2026_texas_childrens_houston_open	2026-03-29	Memorial Park Golf Course	max_mcgreevy	Max McGreevy	T19	1	0
2026_texas_childrens_houston_open	2026-03-29	Memorial Park Golf Course	karl_vilips	Karl Vilips	T19	1	0
2026_texas_childrens_houston_open	2026-03-29	Memorial Park Golf Course	sam_burns	Sam Burns	T21	1	0
2026_texas_childrens_houston_open	2026-03-29	Memorial Park Golf Course	aldrich_potgieter	Aldrich Potgieter	T21	1	0
2026_texas_childrens_houston_open	2026-03-29	Memorial Park Golf Course	alex_smalley	Alex Smalley	T21	1	0
2026_texas_childrens_houston_open	2026-03-29	Memorial Park Golf Course	harris_english	Harris English	T21	1	0
2026_texas_childrens_houston_open	2026-03-29	Memorial Park Golf Course	beau_hossler	Beau Hossler	T21	1	0
2026_texas_childrens_houston_open	2026-03-29	Memorial Park Golf Course	zecheng_dou	Zecheng Dou	T21	1	0
2026_texas_childrens_houston_open	2026-03-29	Memorial Park Golf Course	adam_scott	Adam Scott	T21	1	0
2026_texas_childrens_houston_open	2026-03-29	Memorial Park Golf Course	mac_meissner	Mac Meissner	T28	1	0
2026_texas_childrens_houston_open	2026-03-29	Memorial Park Golf Course	rasmus_hjgaard	Rasmus Højgaard	T28	1	0
2026_texas_childrens_houston_open	2026-03-29	Memorial Park Golf Course	harry_hall	Harry Hall	T28	1	0
2026_texas_childrens_houston_open	2026-03-29	Memorial Park Golf Course	ben_griffin	Ben Griffin	T28	1	0
2026_texas_childrens_houston_open	2026-03-29	Memorial Park Golf Course	vince_whaley	Vince Whaley	T28	1	0
2026_texas_childrens_houston_open	2026-03-29	Memorial Park Golf Course	shane_lowry	Shane Lowry	T28	1	0
2026_texas_childrens_houston_open	2026-03-29	Memorial Park Golf Course	rico_hoey	Rico Hoey	T28	1	0
2026_texas_childrens_houston_open	2026-03-29	Memorial Park Golf Course	chad_ramey	Chad Ramey	T28	1	0
2026_texas_childrens_houston_open	2026-03-29	Memorial Park Golf Course	jackson_suber	Jackson Suber	T28	1	0
2026_texas_childrens_houston_open	2026-03-29	Memorial Park Golf Course	michael_brennan	Michael Brennan	T28	1	0
2026_texas_childrens_houston_open	2026-03-29	Memorial Park Golf Course	stephan_jaeger	Stephan Jaeger	T28	1	0
2026_texas_childrens_houston_open	2026-03-29	Memorial Park Golf Course	jeffrey_kang	Jeffrey Kang	T39	1	0
2026_texas_childrens_houston_open	2026-03-29	Memorial Park Golf Course	adrien_saddier	Adrien Saddier	T39	1	0
2026_texas_childrens_houston_open	2026-03-29	Memorial Park Golf Course	austin_eckroat	Austin Eckroat	T39	1	0
2026_texas_childrens_houston_open	2026-03-29	Memorial Park Golf Course	tony_finau	Tony Finau	T39	1	0
2026_texas_childrens_houston_open	2026-03-29	Memorial Park Golf Course	paul_waring	Paul Waring	T39	1	0
2026_texas_childrens_houston_open	2026-03-29	Memorial Park Golf Course	william_mouw	William Mouw	T44	1	0
2026_texas_childrens_houston_open	2026-03-29	Memorial Park Golf Course	andrew_putnam	Andrew Putnam	T44	1	0
2026_texas_childrens_houston_open	2026-03-29	Memorial Park Golf Course	jordan_smith	Jordan Smith	T44	1	0
2026_texas_childrens_houston_open	2026-03-29	Memorial Park Golf Course	ricky_castillo	Ricky Castillo	T44	1	0
2026_texas_childrens_houston_open	2026-03-29	Memorial Park Golf Course	erik_van_rooyen	Erik van Rooyen	T48	1	0
2026_texas_childrens_houston_open	2026-03-29	Memorial Park Golf Course	john_parry	John Parry	T48	1	0
2026_texas_childrens_houston_open	2026-03-29	Memorial Park Golf Course	steven_fisk	Steven Fisk	T48	1	0
2026_texas_childrens_houston_open	2026-03-29	Memorial Park Golf Course	christiaan_bezuidenhout	Christiaan Bezuidenhout	T51	1	0
2026_texas_childrens_houston_open	2026-03-29	Memorial Park Golf Course	matthieu_pavon	Matthieu Pavon	T51	1	0
2026_texas_childrens_houston_open	2026-03-29	Memorial Park Golf Course	matt_wallace	Matt Wallace	T51	1	0
2026_texas_childrens_houston_open	2026-03-29	Memorial Park Golf Course	eric_cole	Eric Cole	T51	1	0
2026_texas_childrens_houston_open	2026-03-29	Memorial Park Golf Course	chris_kirk	Chris Kirk	T51	1	0
2026_texas_childrens_houston_open	2026-03-29	Memorial Park Golf Course	matt_kuchar	Matt Kuchar	T56	1	0
2026_texas_childrens_houston_open	2026-03-29	Memorial Park Golf Course	jimmy_stanger	Jimmy Stanger	T56	1	0
2026_texas_childrens_houston_open	2026-03-29	Memorial Park Golf Course	tom_kim	Tom Kim	T56	1	0
2026_texas_childrens_houston_open	2026-03-29	Memorial Park Golf Course	danny_willett	Danny Willett	T56	1	0
2026_texas_childrens_houston_open	2026-03-29	Memorial Park Golf Course	kurt_kitayama	Kurt Kitayama	T60	1	0
2026_texas_childrens_houston_open	2026-03-29	Memorial Park Golf Course	sungjae_im	Sungjae Im	T60	1	0
2026_texas_childrens_houston_open	2026-03-29	Memorial Park Golf Course	sam_ryder	Sam Ryder	T60	1	0
2026_texas_childrens_houston_open	2026-03-29	Memorial Park Golf Course	davis_riley	Davis Riley	T60	1	0
2026_texas_childrens_houston_open	2026-03-29	Memorial Park Golf Course	takumi_kanaya	Takumi Kanaya	T60	1	0
2026_texas_childrens_houston_open	2026-03-29	Memorial Park Golf Course	kevin_roy	Kevin Roy	T65	1	0
2026_texas_childrens_houston_open	2026-03-29	Memorial Park Golf Course	peter_malnati	Peter Malnati	T65	1	0
2026_texas_childrens_houston_open	2026-03-29	Memorial Park Golf Course	lee_hodges	Lee Hodges	T65	1	0
2026_texas_childrens_houston_open	2026-03-29	Memorial Park Golf Course	danny_walker	Danny Walker	68	1	0
2026_texas_childrens_houston_open	2026-03-29	Memorial Park Golf Course	garrick_higgo	Garrick Higgo	T69	1	0
2026_texas_childrens_houston_open	2026-03-29	Memorial Park Golf Course	jesper_svensson	Jesper Svensson	T69	1	0
2026_texas_childrens_houston_open	2026-03-29	Memorial Park Golf Course	brice_garnett	Brice Garnett	T71	1	0
2026_texas_childrens_houston_open	2026-03-29	Memorial Park Golf Course	tom_hoge	Tom Hoge	T71	1	0
2026_texas_childrens_houston_open	2026-03-29	Memorial Park Golf Course	emiliano_grillo	Emiliano Grillo	T71	1	0
2026_texas_childrens_houston_open	2026-03-29	Memorial Park Golf Course	matti_schmid	Matti Schmid	74	1	0
2026_texas_childrens_houston_open	2026-03-29	Memorial Park Golf Course	luke_clanton	Luke Clanton	75	1	0
2026_texas_childrens_houston_open	2026-03-29	Memorial Park Golf Course	mason_howell	Mason Howell	CUT	0	0
2026_texas_childrens_houston_open	2026-03-29	Memorial Park Golf Course	marco_penge	Marco Penge	CUT	0	0
2026_texas_childrens_houston_open	2026-03-29	Memorial Park Golf Course	haotong_li	Haotong Li	CUT	0	0
2026_texas_childrens_houston_open	2026-03-29	Memorial Park Golf Course	christo_lamprecht	Christo Lamprecht	CUT	0	0
2026_texas_childrens_houston_open	2026-03-29	Memorial Park Golf Course	patrick_fishburn	Patrick Fishburn	CUT	0	0
2026_texas_childrens_houston_open	2026-03-29	Memorial Park Golf Course	brooks_koepka	Brooks Koepka	CUT	0	0
2026_texas_childrens_houston_open	2026-03-29	Memorial Park Golf Course	s_h_kim	S.H. Kim	CUT	0	0
2026_texas_childrens_houston_open	2026-03-29	Memorial Park Golf Course	pierceson_coody	Pierceson Coody	WD	0	0